TITLE,"Cicero, In Catilinam I"
AB,"5_2, 13_8, 13_8, 13_8, 16_2, 17_3, 18_3, 19_3, 19_4, 19_5, 19_6, 19_6, 20_3, 21_3, 22_5, 22_7, 22_7, 22_7, 23_2, 23_2, 24_1, 24_1, 24_2, 25_5, 27_1, 27_1, 27_2, 27_5, 28_3, 32_1, 32_1, 33_2, 33_2, 33_2, 33_2"
ABEO/1,20_1
ABHORREO,"18_3, 20_3"
ABSVM/1,"13_8, 19_6"
ABVTOR,1_1
ACER/2,"3_3, 8_3"
ACERBVS,3_3
ACIES,4_5
AD/2,"1_1, 2_3, 2_5, 4_7, 4_7, 8_3, 8_3, 9_4, 10_1, 10_1, 12_1, 12_2, 12_2, 13_9, 13_9, 14_3, 14_3, 14_3, 14_3, 14_3, 16_8, 18_2, 18_2, 19_2, 19_3, 19_4, 19_5, 19_5, 19_5, 19_5, 20_2, 21_3, 23_2, 23_2, 23_2, 24_1, 24_2, 24_2, 25_3, 26_2, 26_2, 26_2, 27_6, 28_5, 29_4, 31_2, 32_1, 33_1"
ADDVCO,"5_3, 21_3"
ADEO/2,"5_1, 9_2"
ADHIBEO,19_1
ADHVC,6_2
ADMINISTER,7_1
ADMIROR,7_2
ADOLESCENS/2,21_1
ADOLESCENTVLVS,13_9
ADVENTVS,16_8
ADVLTVS,30_4
AEGER/2,31_3
AEQVVS,20_1
AESTVS,31_3
AETERNVS,33_2
AFFERO,25_2
AFFLICTO,31_3
AGGREGO,30_4
AGNOSCO,17_2
AGO,"1_4, 8_2, 8_4, 16_1, 18_1, 27_4"
AHALA/N,3_2
AIO,15_3
ALIENVS/2,23_2
ALIQVANDO,"10_2, 18_4, 25_1"
ALIQVIS,"5_1, 15_1, 16_1, 20_1, 28_5"
ALIQVO,17_3
ALIQVOT,18_2
ALIVS,14_2
ALO,30_1
ALTAR,24_2
AMENTIA,"8_4, 25_3"
AMICVS/1,"11_4, 16_6"
AMPLVS,"3_1, 6_3"
AN,"3_1, 28_2, 28_4, 29_2"
ANIMA,27_2
ANIMADVERTO,"20_6, 30_1"
ANIMVS,"16_8, 20_1, 22_4, 29_6"
ANNVS,18_2
ANTE/2,"7_1, 7_1, 7_3, 9_5, 16_5, 21_2"
ANTIQVVS,"3_2, 11_1"
APERTE,"3_4, 12_1"
APVD,9_4
AQVA,31_3
AQVILA,24_1
ARBITROR,"1_4, 17_1"
ARCEO,33_2
ARDEO,29_2
ARGENTEVS/2,24_1
ARMA,7_1
ARMATVS/2,24_1
ASPECTVS,"17_2, 17_2"
ASSEQVOR,16_1
ASSERVO,19_3
ASSIDO,16_8
AT/2,"4_5, 21_1, 22_4, 28_1, 28_3"
ATQVE/1,"2_4, 3_1, 4_4, 5_1, 6_2, 6_4, 7_1, 9_2, 10_1, 10_1, 10_5, 11_1, 14_3, 14_3, 15_1, 15_2, 16_1, 16_2, 16_6, 16_8, 17_2, 17_3, 17_4, 18_2, 18_4, 19_3, 19_6, 21_2, 21_3, 23_1, 24_1, 24_1, 25_1, 25_5, 27_1, 27_2, 29_1, 29_1, 30_4, 30_4, 31_1, 31_2, 33_1, 33_1, 33_2, 33_2, 33_2"
ATROX,7_2
ATTENDO,20_6
AVCTOR,27_5
AVCTORITAS,"3_4, 4_5, 17_4, 20_8, 21_2, 30_1, 32_2"
AVDACIA,"1_1, 4_7, 7_1, 13_9, 31_1"
AVDEO,"6_1, 8_5, 12_2, 19_3"
AVDIO,"8_2, 26_1"
AVRELIVS/A,24_1
AVRIS,6_2
AVSPICIVM,33_2
AVT,"13_9, 13_9, 14_2, 14_2, 15_1, 15_1, 15_2, 15_2, 22_7, 22_7, 22_7, 28_5, 30_1, 30_1"
AVTEM,"2_4, 5_1, 21_2, 23_2, 30_3, 31_2"
AVVS,4_2
BACCHOR,26_1
BELLVM,"23_2, 25_4, 27_1, 27_5, 29_2, 33_1"
BIBO/2,31_3
BONI,"1_2, 5_2, 23_2, 32_1, 32_2, 33_2"
BONVM,26_2
BONVS,"19_5, 21_1, 21_1, 21_2, 26_1, 29_4"
BREVIS,"26_3, 31_2"
C/N,"3_2, 4_2, 4_3, 4_4, 7_1"
CAEDES,"2_3, 3_1, 6_4, 7_3, 7_4, 16_8, 24_2"
CAELVM/1,15_1
CALAMITAS,"11_4, 22_5"
CAMPVS/1,11_4
CAPIO/2,"1_4, 4_2"
CARCER,19_6
CAREO,"17_2, 24_2"
CARVS,"21_2, 27_3"
CASTRA/2,"5_1, 5_1, 10_3, 27_5, 30_2"
CASVS,16_1
CATILINA/N,"1_1, 2_5, 3_1, 3_4, 4_6, 5_2, 6_3, 7_2, 9_4, 10_2, 11_3, 13_1, 13_6, 15_1, 18_1, 18_3, 20_1, 20_4, 20_6, 21_2, 22_7, 29_4, 30_1, 32_2, 33_1"
CAVSA,"5_3, 7_3, 15_1, 19_2"
CEDO/1,22_6
CERTE,29_5
CERTVS,"5_3, 7_1"
CETERVS,"7_4, 21_2, 30_4, 33_2"
CIRCVMCLVDO,7_4
CIRCVMSTO,"21_2, 32_1"
CIVIS,"3_3, 12_1, 17_1, 17_2, 17_2, 18_2, 21_2, 23_2, 24_2, 27_5, 28_1, 28_2, 28_3, 28_5, 29_5, 29_5, 33_2"
CIVITAS,"7_3, 14_2, 15_1"
CLAMO,21_2
CLARVS,"4_2, 6_5, 29_5"
CLEMENS,4_8
COEPIO,10_2
COERCEO,3_3
COETVS,"6_3, 10_1"
COGITO,"8_2, 9_2, 17_4, 22_2"
COGNOSCO,28_5
COLLIGO/3,30_4
COLLOCO,5_1
COLONIA/1,8_1
COMES,12_3
COMITIVM,"11_4, 15_1"
COMMENDATIO,28_5
COMMISSVM,15_2
COMMOVEO,"6_1, 7_4, 22_6"
COMMVNIS,"12_2, 17_4"
COMPARO/2,32_1
COMPERIO,"10_1, 27_5"
COMPETITOR,11_4
COMPLVRES/2,"8_4, 29_5"
COMPREHENDO,5_2
COMPRIMO,"11_4, 30_3"
CONATVS,11_4
CONCEDO/1,17_3
CONCITO/1,"11_4, 23_2"
CONCVPIO,25_4
CONCVRSVS,1_2
CONDEMNO,5_1
CONFERO,"2_5, 7_3, 23_2"
CONFESTIM,4_6
CONFICIO,26_3
CONFIDO,"8_1, 24_1"
CONFIRMO,"4_7, 9_4"
CONFLAGRO,29_2
CONFLO,"23_1, 25_5"
CONGREGO,32_1
CONICIO,15_3
CONIVNGO,"11_4, 33_2"
CONIVRATI,12_3
CONIVRATIO,"1_3, 6_3, 13_6, 27_5, 30_1, 30_2, 31_1"
CONOR,"15_3, 16_1"
CONSCIENTIA,17_2
CONSCRIBO,"4_8, 9_2, 27_2, 29_4, 31_1, 32_2"
CONSENSIO,32_2
CONSERVO,7_3
CONSILIVM,"1_3, 1_4, 2_3, 3_4, 6_5, 7_3, 9_2, 18_3"
CONSPICIO,17_2
CONSTITVO,"16_8, 24_1, 24_1, 33_2"
CONSTRINGO,1_3
CONSVL,"2_2, 2_5, 3_1, 3_4, 4_1, 4_3, 9_3, 11_3, 11_4, 13_3, 15_1, 15_1, 15_3, 16_2, 21_1, 23_1, 27_1, 32_1, 32_2"
CONSVLARIS/2,"4_2, 11_4, 16_8"
CONSVLATVS,"27_1, 31_1"
CONSVLO,13_5
CONSVLTVM,"3_4, 4_3, 4_6, 4_6"
CONTAMINO,29_5
CONTINEO,"6_3, 7_4, 19_4, 21_3"
CONTINGO/1,16_7
CONTRA/2,"5_1, 6_1, 7_4, 18_3"
CONTVMELIA,16_7
CONVENIO,"4_6, 8_4"
CONVINCO,8_6
CONVOCO,1_4
COPIA,11_4
CORPVS,"13_8, 15_3, 16_2"
CORRIGO,22_2
CORROBORO,30_1
CORRVPTELA,13_9
COTIDIE,5_1
CREDO,"5_2, 6_4, 30_1"
CRESCO,5_1
CRVDELIS,"5_2, 30_1"
CVM/2,"4_2, 8_3, 10_4, 10_6, 11_4, 14_2, 15_1, 17_2, 18_1, 19_1, 19_4, 23_2, 24_1, 27_3, 30_4, 32_1, 33_1, 33_1, 33_1, 33_1"
CVM/3,"5_4, 7_3, 7_4, 8_1, 10_1, 10_2, 11_4, 15_1, 16_7, 19_4, 20_1, 21_2, 21_2, 21_2, 26_1, 27_1, 29_2, 31_3"
CVMVLO,14_2
CVNCTVS,27_3
CVPIDITAS,25_1
CVPIO,"3_1, 4_8, 4_8"
CVRA,"9_5, 31_2"
CVRIA,32_1
CVSTODIA,"8_1, 19_2, 19_6"
CVSTODIO,"6_2, 19_5"
CVSTOS,11_1
DE,"5_3, 9_2, 9_2, 9_2, 9_3, 16_1, 17_4, 20_3, 21_2, 28_2, 32_1"
DEBEO,"16_4, 16_4, 17_2, 19_1, 19_6, 20_1"
DECERNO,"4_1, 20_2, 21_2"
DECLINATIO,15_3
DEDECVS,13_7
DEFENDO,"6_1, 11_3"
DEFICIO,28_3
DEFIGO,16_2
DEINDE,31_3
DELECTO,13_6
DELEO,30_4
DELIGO/3,9_4
DEMIGRO,19_5
DENIQVE,"5_4, 11_4, 32_1, 32_1"
DEPONO,4_7
DEPRECOR,27_2
DERELINQVO,25_5
DESIDERO,10_3
DESIGNO,"2_3, 11_3, 15_3"
DESINO,"18_4, 32_1"
DESISTO,16_1
DESVM/1,"3_4, 3_4"
DETESTOR,27_2
DETRIMENTVM,4_1
DEVOVEO,16_2
DEVS,"9_1, 11_1, 12_1, 22_3"
DEXTERA,24_2
DICO/2,"3_4, 5_2, 7_1, 7_3, 7_4, 8_4, 9_4, 19_1, 19_2, 20_2, 21_1, 23_1, 27_2, 30_1, 32_1"
DIES,"4_4, 4_5, 5_1, 7_1, 7_1, 7_1, 7_1, 7_2, 7_3, 7_4, 24_1"
DIFFICVLTAS,14_3
DIGNVS,19_6
DILIGENS,"19_5, 27_2"
DILIGENTIA,"7_4, 11_3, 32_2"
DIMITTO,10_1
DIREPTIO,18_2
DISCEDO/1,18_4
DISCESSVS,7_4
DISCIPLINA,12_2
DISCRIBO,9_4
DISSIMVLO,30_1
DISSOLVO,4_8
DISTRIBVO,9_4
DIV,"1_1, 2_5, 10_3, 10_6, 17_2, 17_4, 21_3, 24_2"
DO,"19_2, 22_3, 29_4"
DOLOR,25_2
DOMESTICVS/2,"13_7, 14_3"
DOMVS,"6_3, 8_4, 10_1, 17_1, 19_3, 24_1, 32_1"
DVBITO,"13_2, 17_2, 20_1"
DVCO,"2_5, 27_6"
DVDVM,12_3
DVMMODO,22_5
DVO,9_5
DVODECIM,7_1
DVX,"5_1, 27_5"
ECQVIS,"20_6, 20_6"
EDVCO/2,"9_4, 10_4, 30_4"
EFFERO/2,28_5
EFFRENO,"1_1, 25_1"
EFFVGIO,"11_1, 15_3"
EGO,"4_8, 4_8, 5_2, 5_2, 5_3, 6_4, 6_5, 7_1, 7_2, 7_3, 8_2, 8_3, 8_3, 9_3, 9_4, 9_5, 10_1, 10_1, 10_1, 10_1, 10_5, 10_5, 11_3, 11_3, 11_4, 11_4, 11_4, 13_2, 13_4, 13_5, 14_2, 15_3, 15_3, 17_1, 17_2, 17_2, 18_3, 18_3, 18_4, 19_3, 19_4, 19_4, 21_1, 21_3, 23_1, 23_2, 24_1, 27_2, 27_3, 27_3, 29_3, 29_4, 29_5, 29_5, 29_6"
EGREDIOR,"10_2, 20_4, 23_2"
EICIO,"23_2, 30_4"
ELABOR/2,16_1
ELVDO,1_1
EMITTO,27_5
EMORIOR,20_1
ENIM/2,"4_6, 8_7, 13_6, 15_2, 16_4, 20_2, 22_7, 25_2"
EO/1,"20_2, 22_4, 23_1, 23_2, 25_1"
EODEM,"8_4, 30_4"
EQVES,"9_5, 21_2, 32_2"
ERIPIO,"18_4, 20_1"
ERVMPO,"6_3, 31_1"
ET/2,"2_3, 3_4, 4_3, 4_4, 4_7, 6_1, 6_1, 6_2, 9_3, 9_3, 9_5, 11_4, 11_4, 12_1, 12_2, 12_3, 14_2, 15_1, 15_1, 15_3, 16_1, 17_2, 17_2, 17_4, 18_1, 18_2, 19_5, 19_5, 19_5, 20_1, 20_2, 20_3, 21_1, 21_2, 21_2, 21_2, 22_5, 23_2, 24_1, 27_2, 27_5, 29_3, 29_5, 29_5, 29_5, 29_5, 30_1, 30_4, 31_1, 31_2, 31_2, 32_1, 33_2, 33_2"
ETENIM,"6_3, 27_3, 29_5, 31_1"
ETIAM,"1_1, 2_3, 6_2, 8_2, 9_4, 10_1, 10_4, 14_2, 18_2, 19_1, 19_3, 21_2, 24_1, 25_5, 26_2, 26_2, 28_1, 29_5, 30_1, 30_4"
ETRVRIA/N,5_1
EVERTO,18_2
EVOCATOR,27_5
EX,"4_6, 10_2, 12_3, 13_3, 16_6, 16_6, 20_4, 25_5, 27_5, 31_2"
EXAVDIO,21_2
EXCIDO/1,16_1
EXCLVDO,10_1
EXEO/1,"9_4, 12_3, 13_3, 27_5"
EXERCEO/2,25_3
EXHAVRIO,12_3
EXISTIMO,29_2
EXITIVM,"9_2, 12_1, 33_1"
EXSILIVM,"13_4, 20_2, 20_4, 22_2, 22_4, 23_1, 23_1"
EXSISTO,"14_2, 18_2"
EXSPECTO,"6_3, 16_7, 20_4, 20_8, 27_5"
EXSTINGVO,30_4
EXSVL,27_1
EXSVLTO,"23_2, 26_1"
EXTORQVEO,16_1
EXTRA/2,13_6
FACILIS,"14_2, 21_3"
FACINVS,"13_8, 14_2, 18_2, 26_2"
FACIO,"2_4, 5_2, 5_3, 5_3, 5_4, 6_2, 12_2, 12_2, 13_2, 13_2, 20_3, 23_1, 29_4, 30_1, 30_2"
FALCARIVS,8_4
FALLO,7_2
FALSVS,18_4
FAMA,13_7
FAMES,26_3
FATEOR,"5_4, 30_2"
FAVX,5_1
FAX,"13_9, 32_1"
FEBRIS,31_3
FERO,"10_6, 16_8, 18_3, 18_3, 18_3, 19_4, 23_1, 26_2"
FERRVM,"9_3, 13_9"
FINIS,1_1
FIO,2_3
FIRMO,10_1
FIRMVS,6_1
FLACCVS/N,29_5
FLAGITIVM,"13_8, 18_2"
FOEDVS/1,33_2
FORTASSE,31_2
FORTIS,"2_4, 3_3, 19_5, 21_1, 21_2"
FORTITVDO,29_1
FORTVNA,"14_3, 15_1, 25_3, 25_5, 33_2"
FORVM/1,24_1
FRANGO,22_2
FREQVENTIA,"16_6, 21_2"
FRIGVS,26_3
FRONS/1,32_1
FVGA,"20_1, 22_2"
FVLVIVS/N,4_2
FVNESTVS,24_1
FVRIOSVS,25_1
FVROR/1,"1_1, 2_4, 15_1, 22_7, 31_1"
GAVDIVM,26_1
GELIDVS,31_3
GENS,9_1
GLADIATOR,29_4
GLADIVS,32_1
GLORIA,"23_2, 29_6"
GRACCHVS/N,"3_1, 4_2, 29_5"
GRADVS,28_5
GRATIA,"11_1, 28_5"
GRAVIS,"3_4, 9_2, 16_7, 31_3, 31_3"
GRAVITER,17_2
HABEO,"1_2, 3_4, 4_6, 9_1, 11_1, 26_3"
HABITO,19_2
HAEREO,13_7
HEBESCO,4_5
HERCVLES,17_1
HIC/1,"1_2, 1_2, 1_3, 2_2, 2_2, 3_3, 3_4, 4_5, 5_2, 5_3, 9_2, 9_2, 9_3, 10_1, 11_1, 11_1, 11_1, 12_2, 13_6, 14_2, 14_2, 15_1, 15_1, 15_1, 16_6, 16_7, 17_4, 18_4, 19_1, 20_2, 20_3, 20_4, 20_6, 21_1, 21_1, 21_1, 21_2, 21_3, 25_2, 25_3, 26_2, 27_6, 28_1, 28_3, 29_3, 29_3, 29_4, 29_5, 29_6, 30_1, 30_1, 30_3, 30_3, 30_4, 31_1, 31_3, 32_2, 33_1, 33_2, 33_2, 33_2, 33_2"
HIC/2,"8_7, 9_2, 9_2, 26_1"
HOMO,"11_2, 13_6, 16_7, 23_1, 28_5, 29_3, 31_3, 33_2"
HONESTO,29_5
HONESTVS,21_2
HONOR,28_5
HORA,29_4
HORRIBILIS,11_1
HORTOR,12_3
HOSTIS,"3_3, 5_1, 5_1, 13_3, 27_5, 27_5, 33_2"
HVMVS,26_2
IACEO,26_2
IACTO,"1_1, 31_3"
IAM,"1_3, 2_5, 2_5, 4_5, 4_8, 5_2, 5_3, 5_4, 6_3, 6_4, 6_5, 8_3, 9_4, 10_1, 10_6, 11_1, 12_1, 12_3, 13_2, 13_6, 15_2, 16_1, 16_4, 17_2, 17_4, 18_2, 19_6, 21_1, 21_3, 21_3, 23_1, 24_1, 25_1, 32_1"
IAMDIV,31_1
IANVARIVS/A,15_1
IDEM,"7_3, 8_4, 19_4, 19_4, 21_1, 21_3, 29_3, 33_2"
IDVS,14_3
IGITVR,9_4
IGNOMINIA,14_3
IGNORO,1_4
ILLE,"3_2, 7_4, 8_1, 8_3, 9_4, 9_5, 10_1, 10_3, 14_3, 15_2, 18_3, 21_2, 24_1, 24_2, 26_2, 26_3"
ILLECEBRA,13_9
ILLVSTRO/2,"6_3, 32_2"
IMMANITAS,14_2
IMMINEO,30_1
IMMITTO,27_5
IMMO,2_3
IMMORTALIS,"9_1, 11_1, 12_1, 22_3"
IMPEDIO,28_1
IMPENDEO,"14_3, 22_4, 29_6"
IMPERATOR,"5_1, 10_3, 27_5"
IMPERITVS,30_1
IMPERIVM,"12_2, 28_5, 33_2"
IMPERO,"13_2, 27_6"
IMPETRO,19_1
IMPETVS,8_1
IMPIVS,"23_2, 24_2, 33_1"
IMPORTVNVS,23_2
IMPROBVS,"5_4, 25_5, 30_1, 30_2, 32_1"
IMPVNITVS,18_2
IN,"2_3, 2_5, 2_5, 3_3, 3_4, 4_6, 4_6, 4_8, 5_1, 5_1, 5_1, 5_1, 7_1, 7_1, 7_3, 7_3, 8_4, 8_7, 9_1, 9_2, 9_2, 9_5, 11_2, 11_4, 12_3, 13_4, 13_6, 13_6, 13_7, 14_2, 15_1, 16_2, 16_5, 18_3, 19_2, 19_4, 20_1, 20_2, 20_4, 21_1, 22_4, 22_4, 22_4, 23_1, 23_1, 26_1, 26_1, 27_5, 27_5, 27_6, 28_1, 28_3, 29_5, 30_1, 30_1, 30_2, 30_3, 31_1, 31_1, 31_2, 31_2, 31_3, 32_1, 32_1, 32_2, 32_2, 32_2, 32_2"
INANIS,16_8
INCENDIVM,"3_1, 6_4, 9_4, 29_2"
INCLVDO,"4_6, 31_2"
INCREDIBILIS,"7_2, 14_2, 25_2"
INCREPO,18_3
INDVCO,22_4
INEO/1,18_3
INERTIA,"4_8, 29_1"
INFERO,"21_1, 23_2"
INFESTVS,"11_1, 17_2"
INFITIOR,7_4
INFLAMMO,32_1
INGRAVESCO,31_3
INIMICVS/2,"23_1, 33_2"
INITIO,16_2
INIVRIA,17_2
INOPIA,26_3
INQVIO,20_2
INSCRIBO,32_1
INSIDIAE,31_1
INSIDIOR,"11_3, 26_2, 32_1"
INTELLIGO,"2_2, 8_3, 20_3, 30_2, 30_3"
INTENDO,30_2
INTER,"8_4, 10_5, 33_2"
INTERCEDO/1,4_2
INTERFICIO,"3_1, 4_2, 4_6, 5_2, 5_4, 9_5, 11_4, 12_3, 15_1, 15_3, 29_5, 30_3"
INTERITVS,9_2
INTERROGO,13_4
INTERSVM/1,10_5
INTESTINVS,5_1
INTRA/2,5_1
INVENIO,5_4
INVIDIA,"22_4, 23_1, 23_1, 28_4, 28_5, 29_1, 29_1, 29_2, 29_5, 29_6, 29_6"
INVITO,"23_2, 24_1"
INVRO,13_7
IPSE,"4_8, 7_4, 8_1, 9_4, 9_5, 10_1, 11_1, 19_6, 21_1"
IRRETIO,13_9
IS,"4_6, 5_1, 5_4, 7_2, 9_3, 10_1, 10_1, 12_2, 12_2, 13_2, 16_2, 17_2, 17_3, 17_3, 19_4, 20_2, 20_3, 22_7, 23_1, 27_1, 27_2, 27_5, 29_3, 29_6, 30_1, 30_1, 33_1"
ISTE,"1_1, 2_4, 3_3, 6_4, 9_5, 13_6, 16_1, 16_3, 16_8, 16_8, 17_1, 20_1, 22_3, 22_5, 23_1, 24_2, 25_1, 29_4, 30_2, 31_2, 31_3"
ITA,"6_1, 10_2, 15_3, 20_1"
ITALIA/N,"5_1, 9_4, 12_1, 27_3, 29_2, 33_2"
IVBEO,"5_2, 12_3, 13_3, 13_5"
IVCVNDVS,15_1
IVDICIVM,"16_7, 17_4"
IVDICO,"17_4, 19_6, 29_4"
IVNGO,33_1
IVPPITER/N,"11_1, 33_2"
IVS/1,"5_4, 21_1, 28_3"
IVSSVS,"2_5, 8_1, 23_1"
IVSTVS,"17_2, 20_1, 27_2"
KALENDAE,"7_1, 7_1, 7_3, 8_1, 15_1"
L/N,"4_1, 4_3, 4_4"
LABEFACTO,3_1
LABOR/1,26_2
LAECA/N,"8_4, 9_4"
LAETITIA,26_1
LATRO/1,33_2
LATROCINIVM,"23_2, 27_1, 31_2"
LAVS,23_2
LECTVS/1,9_5
LENIS/2,12_2
LEPIDVS/N,"15_1, 19_2"
LEX,"18_2, 22_6, 28_2"
LIBER/2,18_2
LIBERI,4_2
LIBERO,"9_5, 10_5, 20_4"
LIBIDO,"13_8, 13_9"
LICET/1,6_5
LOCVS,"1_2, 14_2, 32_1"
LONGE,19_6
LOQVOR,"16_4, 18_1, 19_1, 20_8, 22_1, 27_3"
LVX,"6_5, 9_5, 15_1"
M/N,"19_2, 19_5"
MACHINOR,2_5
MACTO,"27_6, 33_2"
MAELIVS/N,3_2
MAGIS/2,7_2
MAGNVS,"3_1, 10_1, 10_5, 11_1, 11_4, 12_3, 19_4"
MAIORES,"4_2, 12_2, 28_1, 28_5"
MALLEOLVS,32_1
MALO,"17_2, 23_2"
MALVM/1,30_4
MANDO/2,"20_2, 27_2"
MANE/2,10_1
MANLIANVS/N,"10_3, 30_2"
MANLIVS/N,"7_1, 23_2, 24_1"
MANVS/1,"3_2, 12_3, 13_8, 15_1, 16_1, 21_1, 21_3, 23_2, 25_5"
MARCELLVS/N,21_1
MARCVS/N,"4_2, 8_4, 21_1, 27_4"
MARITVS/1,26_2
MARIVS/N,4_3
MATVRITAS,31_1
MATVRVS,28_5
MAXIME,29_6
MEDIOCRITER,3_1
MEDITOR,"22_2, 26_2"
MEMINI,7_1
MEMORIA,"16_7, 22_4"
MENS,"6_4, 15_1, 17_2, 22_3, 27_2, 29_3"
METELLVS/N,"19_4, 19_5"
METVO,"13_6, 17_1, 17_1, 17_4"
METVS,"10_5, 18_3, 20_4, 22_7, 28_5, 29_1, 31_2"
MEVS,"6_1, 7_4, 7_4, 8_1, 8_1, 9_5, 10_1, 11_4, 17_1, 17_1, 17_2, 19_3, 20_3, 22_4, 23_2, 27_3"
MINVS,"10_4, 22_4"
MISERICORDIA,16_4
MITTO,10_1
MODO/1,"7_2, 8_2, 10_5, 25_4, 25_5, 29_5, 30_4"
MODVS,"4_6, 19_4"
MOENIA,"5_1, 19_4, 33_2"
MOLES,23_1
MOLIOR,"5_1, 8_2"
MOLLIS,30_1
MORA,9_4
MORBVS,"31_3, 31_3"
MORS,"2_5, 4_4, 14_2, 27_6, 28_1, 29_4"
MORTVVS/2,33_2
MOS,"2_1, 20_3, 28_1"
MOVEO,1_2
MVLTI,30_1
MVLTO/1,"28_1, 29_4"
MVLTO/2,"27_3, 31_3"
MVLTVS,"6_1, 6_2, 7_2, 7_3, 8_3, 10_1, 10_4, 15_2, 18_2, 20_1"
MVNIO/2,"1_2, 8_1, 10_1"
MVRVS,"10_5, 32_1"
MVTO/2,6_4
NAM,"3_2, 12_3"
NANCISCOR,25_5
NASCOR,30_1
NATVRA,25_3
NAVFRAGVS/2,30_4
NE/2,"1_2, 8_1, 15_1, 28_1"
NE/4,"4_1, 5_2, 6_1, 14_2, 18_4, 25_4, 27_5, 29_5"
NECESSARIVS/1,16_6
NECESSE,16_2
NEFARIVS,"6_3, 11_4, 25_4, 33_1, 33_2"
NEGLIGO,"18_2, 28_5"
NEGO,"8_5, 8_6"
NEMO,"5_4, 13_6, 13_6, 15_1, 16_7, 30_2, 30_2"
NEQVE,"3_4, 6_3, 6_3, 15_2, 16_1, 17_3, 17_4, 17_4, 17_4, 21_2, 22_7, 25_2, 26_1, 26_1"
NEQVITIA,"4_8, 29_1"
NESCIO,"15_1, 16_2, 31_1"
NEX,"18_2, 24_2"
NIHIL,"1_2, 1_2, 1_2, 1_2, 1_2, 1_2, 8_2, 8_2, 8_2, 16_1, 16_1, 17_4"
NIMIS,3_2
NIMIVM/2,10_3
NISI,"17_4, 18_2, 25_4"
NOCTVRNVS,"1_2, 8_1"
NOMINO,"27_1, 33_2"
NON,"1_3, 1_3, 3_4, 4_7, 4_8, 5_2, 5_4, 6_2, 7_2, 7_3, 7_4, 8_2, 8_2, 8_4, 10_6, 10_6, 10_6, 10_6, 11_2, 11_3, 13_5, 13_6, 13_6, 13_7, 13_7, 13_9, 14_2, 14_3, 14_3, 15_1, 15_2, 15_3, 16_4, 17_1, 18_2, 18_3, 18_3, 19_1, 19_3, 20_1, 20_3, 22_6, 23_2, 25_4, 25_5, 26_2, 26_2, 27_5, 27_6, 27_6, 29_1, 29_2, 29_4, 29_5, 29_5, 29_5, 29_6, 30_1, 30_1, 30_1, 30_2, 30_2, 30_3, 30_4"
NONDVM,"5_3, 9_3, 12_2"
NONNE,"14_2, 19_1, 27_6"
NONNVLLVS,30_1
NOS,"1_1, 1_4, 2_4, 2_5, 3_1, 3_4, 3_4, 4_5, 6_5, 10_6, 14_3, 17_4, 22_4, 32_1, 32_2"
NOSTER,"1_1, 2_3, 7_4, 9_2, 9_2, 31_1"
NOTA,13_7
NOTO,2_3
NOVEMBER/N,"7_1, 7_1, 7_3, 8_1"
NOVVS,"3_2, 14_2"
NOX,"1_4, 4_2, 6_3, 8_3, 8_4, 9_4, 9_5"
NVDVS,16_8
NVLLVS,"4_2, 11_4, 16_4, 18_2, 18_2, 18_3, 19_4, 28_5"
NVM,"4_4, 7_2, 7_4, 8_5, 13_2, 13_4"
NVMERVS,"5_1, 9_2, 26_1"
NVMQVAM,"25_4, 28_3"
NVNC,"6_1, 9_4, 12_1, 16_3, 17_4, 18_3, 27_2, 30_2, 31_2"
NVPER,14_2
NVPTIAE,14_2
O,"2_1, 2_1, 9_1"
OB,"18_4, 23_1"
OBEO/1,26_2
OBLIVISCOR,6_4
OBSCVRO,6_3
OBSCVRVS,"8_4, 15_2"
OBSIDEO,6_1
OBSIDO,"26_2, 32_1"
OBSTO,"11_4, 15_1"
OBTEMPERO,20_2
OCCIDO/2,"3_2, 4_2"
OCCVPO/2,8_1
OCVLVS,"2_3, 6_2, 13_8, 17_2, 17_3"
ODI,"13_6, 17_3, 17_4"
ODIVM,"16_4, 17_2"
OFFENDO,17_2
OMEN,33_1
OMITTO,15_2
OMNIS,"1_2, 1_3, 2_5, 5_2, 6_3, 6_5, 9_2, 10_1, 10_4, 12_1, 14_3, 14_3, 16_8, 17_1, 17_2, 17_2, 17_4, 24_1, 25_5, 26_3, 27_3, 28_5, 30_4, 31_1, 32_2, 32_2, 33_1, 33_2"
OPIMIVS/N,4_1
OPINOR,17_3
OPORTET,"2_5, 5_3, 9_3"
OPPRIMO,"16_7, 18_4, 32_2"
OPTIMAS,7_3
ORBIS,"3_1, 9_2, 9_2"
ORDO,"3_4, 20_2, 30_1"
OS/1,1_2
OSTENTO,26_3
OTIOSVS,26_2
OTIVM,25_4
P/N,"3_1, 21_1"
PACISCOR,24_1
PACTVM,31_1
PACTVS/2,17_1
PALATIVM/N,1_2
PARENS/1,"17_3, 17_4"
PARIES,"6_3, 19_4"
PARIO/2,"25_3, 29_6"
PARO/2,15_1
PARRICIDA,29_5
PARRICIDIVM,"17_4, 33_1"
PARS,"9_4, 9_4, 16_8"
PARTICEPS/2,2_3
PARVVS/2,15_3
PATEFACIO,32_2
PATEO,"1_3, 10_2"
PATER,"4_2, 4_8, 9_2, 27_2, 29_4, 31_1, 32_2"
PATIENTIA,"1_1, 26_3"
PATIOR,"4_5, 10_6, 14_2, 20_7, 21_2, 27_5"
PATRIA,"17_4, 19_1, 23_2, 27_2, 27_3, 33_2"
PAVCI,29_3
PAVLISPER,30_3
PAVLO,"9_4, 9_5, 16_5, 21_2"
PENITVS/2,"27_2, 31_2"
PER,"11_4, 18_2, 28_5, 28_5"
PERCIPIO,27_2
PERDITVS,"13_6, 25_5, 27_5"
PERDO,"5_4, 23_2"
PERFERO,3_1
PERFRINGO,18_2
PERFRVOR,26_1
PERGO,"10_2, 23_1"
PERICLITOR,11_2
PERICVLVM,"4_8, 19_4, 22_5, 22_7, 28_5, 31_1, 31_2"
PERMITTO,4_3
PERMOVEO,16_4
PERNICIES,"5_1, 8_3, 11_4, 33_1"
PERNICIOSVS,"3_3, 12_3, 24_1, 28_1"
PERPETVVS,30_3
PERSAEPE,"16_8, 28_1"
PERSPICIO,"20_8, 21_2"
PERTERREO,22_4
PERTIMESCO,"17_4, 22_6, 29_1"
PERTINEO,14_3
PERVENIO,30_2
PESTIS,"2_5, 11_1, 30_3, 30_4, 33_1"
PETITIO,15_3
PETO,"11_4, 12_1"
PLACEO,"9_4, 20_2"
PLACO,17_3
PLANVS/2,8_2
PLEBS,4_4
POENA,"4_4, 22_6, 31_3"
POLLICEOR,"9_5, 32_2"
PONTIFEX,3_1
POPVLVS/1,"1_2, 5_1, 15_1, 28_5"
PORTA,"10_2, 21_3"
POSSVM/1,"5_4, 6_1, 6_3, 7_4, 7_4, 10_6, 13_6, 15_1, 15_3, 17_3, 18_3, 18_3, 19_1, 19_4, 20_1, 21_2, 24_2, 27_1, 30_3"
POST/2,16_7
POSTEA,"4_4, 15_2"
POSTERITAS,"22_4, 28_4, 29_5"
POSTVLO,"20_2, 22_6"
POTIVS,"5_2, 27_1, 27_1"
PRAECLARVS,"26_3, 28_5"
PRAEDICO/1,23_1
PRAEDICO/2,10_1
PRAEFERO,13_9
PRAEMITTO,"24_1, 24_1"
PRAENESTE/N,8_1
PRAESENS,22_4
PRAESENTIA/1,17_2
PRAESIDIVM,"1_2, 6_1, 7_4, 8_1, 10_1, 11_3, 11_4"
PRAESTOLOR,24_1
PRAETEREO/1,3_2
PRAETERMITTO,"14_2, 14_3"
PRAETOR,"4_4, 19_4, 32_1"
PRIDEM,"2_5, 5_3, 21_3, 25_1"
PRIDIE,15_1
PRIMO,31_3
PRIMVS,12_2
PRINCEPS/1,"7_3, 15_1, 27_5"
PRIOR,8_4
PRIVATVS,"3_1, 11_3, 22_5, 28_1"
PRIVO,"6_3, 13_7, 14_3"
PROBO,21_2
PROFECTIO,32_2
PROFICIO,27_1
PROFICISCOR,"9_4, 10_2, 20_4, 23_1, 24_2, 33_1"
PROFVGIO,7_3
PROPE/2,"1_4, 11_4, 27_2"
PROPRIVS,12_2
PROPTER/2,"4_2, 18_3, 28_5"
PROSEQVOR,21_3
PROXIMVS/2,14_3
PVBLICVS/2,"2_3, 2_4, 3_1, 3_3, 3_4, 4_1, 4_3, 4_4, 4_8, 5_1, 6_1, 7_4, 8_3, 9_1, 9_3, 11_1, 11_2, 11_3, 11_4, 11_4, 12_1, 12_3, 12_3, 14_3, 20_4, 22_5, 22_6, 27_1, 27_3, 28_1, 28_3, 29_3, 30_3, 30_4, 31_2, 31_3, 32_1, 33_1"
PVDOR,22_7
PVRGO,10_4
PVTO,"16_2, 16_8, 17_1, 19_5, 29_6"
Q/N,19_4
QVAESO,27_2
QVAESTIO,18_2
QVAM/1,"1_1, 3_3, 5_2, 7_3, 8_3, 10_4, 17_2, 19_6, 27_1, 27_1, 29_1"
QVAMDIV/1,"6_1, 11_3"
QVAMQVAM/2,"11_4, 18_3, 22_1, 24_1, 30_1"
QVANTVS/1,"22_4, 26_1"
QVARE/1,"12_2, 32_1"
QVE,"1_2, 4_8, 4_8, 5_1, 7_2, 8_2, 8_4, 9_2, 11_1, 12_2, 14_3, 17_2, 17_2, 18_2, 18_2, 20_1, 20_1, 21_2, 27_2, 30_1, 30_4, 31_1, 31_3, 31_3, 33_1, 33_1, 33_2, 33_2, 33_2"
QVERIMONIA,27_2
QVI/1,"2_5, 5_3, 5_4, 6_1, 6_3, 6_5, 7_1, 7_2, 7_4, 8_2, 8_7, 9_2, 9_2, 9_3, 9_4, 9_4, 9_5, 10_1, 10_1, 10_2, 12_2, 12_2, 12_2, 13_2, 13_6, 13_6, 13_6, 13_6, 13_7, 13_8, 13_8, 13_9, 14_2, 14_3, 14_3, 15_1, 16_2, 16_3, 16_4, 16_4, 16_8, 16_8, 17_2, 17_4, 18_1, 18_3, 18_4, 19_3, 19_5, 19_5, 19_6, 20_1, 20_3, 20_8, 21_2, 21_2, 21_2, 21_3, 21_3, 23_1, 24_1, 24_1, 24_1, 24_1, 24_1, 24_1, 24_2, 24_2, 26_1, 26_1, 26_2, 26_3, 27_1, 27_2, 27_3, 27_5, 27_5, 27_5, 28_2, 28_3, 28_5, 29_3, 30_1, 30_1, 30_1, 30_1, 30_1, 30_2, 30_2, 31_3, 32_1, 33_1, 33_2, 33_2, 33_2"
QVIA,19_4
QVIDAM,"4_2, 8_7, 15_3, 25_2, 27_2, 31_2"
QVIDEM,"16_2, 25_4"
QVIESCO,21_2
QVINQVE,7_3
QVIS/1,"1_1, 1_4, 1_4, 1_4, 1_4, 1_4, 4_6, 6_3, 8_1, 8_5, 9_1, 9_1, 13_1, 13_6, 13_7, 13_8, 13_9, 14_1, 16_2, 16_6, 16_8, 19_2, 20_3, 20_5, 20_8, 22_1, 24_1, 27_4, 28_1, 31_1, 32_1"
QVIS/2,"4_1, 29_1, 29_5"
QVISQVAM,"5_2, 6_1, 26_1"
QVISQVE/2,"2_3, 9_4, 32_1"
QVISQVIS/2,18_3
QVO/2,"1_1, 9_4, 10_2, 25_1, 30_2"
QVOD/1,"3_2, 9_4, 11_1, 12_3, 16_2, 16_8, 16_8, 19_2, 19_2, 19_4"
QVODAMMODO,18_1
QVODSI,"29_6, 30_4"
QVONDAM,"3_3, 4_1"
QVONIAM,12_2
QVOQVE,19_4
QVOT/1,15_3
QVOTIENS/2,"15_3, 15_3, 16_1, 16_1"
QVOTIENSCVMQVE,11_4
RAPIO,"25_1, 27_6"
RATIO,"17_3, 22_7"
RECENS/1,22_4
RECIPIO,19_3
RECOGNOSCO,"6_5, 8_3"
RECONDO,4_6
RECTA,23_1
REDVNDO,29_5
REFERO,"20_2, 20_3, 28_5"
REGIE,30_1
RELEVO/1,"31_2, 31_3, 31_3"
RELINQVO,"9_4, 16_8, 17_1, 21_3"
RELIQVVS,"12_3, 31_3"
REMANEO,7_4
REMOROR/1,4_4
REPELLO,27_1
REPERIO,9_5
REPRIMO,"7_3, 30_3"
REPVDIO,19_5
RES,"2_4, 3_1, 3_2, 3_3, 3_4, 4_1, 4_3, 4_4, 4_8, 5_1, 6_1, 7_2, 7_4, 8_3, 9_1, 9_3, 11_1, 11_2, 11_4, 12_1, 12_3, 12_3, 13_7, 14_3, 18_4, 20_4, 22_2, 22_5, 22_6, 23_1, 25_2, 26_3, 27_1, 27_3, 28_1, 28_3, 29_3, 30_3, 30_4, 31_2, 31_3, 32_1, 33_1"
RESIDEO,"12_3, 31_2"
RESPONDEO,29_3
RESPONSVM,19_4
REVOCO,22_7
ROGO,"9_3, 19_3, 28_2"
ROMA/N,"7_3, 9_4"
ROMANVS/A,"5_1, 9_5, 15_1, 21_2, 28_2, 28_5, 32_2"
ROMVLVS/N,33_2
RVINA,14_3
SACRARIVM,24_1
SACRVM,16_2
SAEPE,"11_2, 23_1, 24_2, 31_3, 32_1"
SAGAX,19_5
SALVS,"8_3, 11_2, 12_2, 14_3, 28_5, 33_1"
SALVTO,"10_1, 16_6"
SANCIO,9_2
SANCTVS,29_3
SANGVIS,29_5
SATELLES,7_1
SATIS/2,2_4
SATVRNINVS/N,"4_4, 29_5"
SCELERATVS,"23_2, 24_1, 27_1"
SCELVS,"8_4, 14_2, 14_2, 15_1, 17_2, 18_3, 22_4, 27_5, 31_1, 33_1, 33_2"
SCIENTIA,1_3
SCIO,"15_1, 24_1, 24_1, 24_1"
SCIPIO/N,3_1
SECEDO/1,32_1
SECERNO,"23_2, 32_1, 32_1"
SED,"4_7, 4_8, 8_2, 11_3, 13_5, 14_3, 15_1, 16_4, 19_6, 21_2, 22_5, 22_6, 23_2, 25_2, 25_4, 27_5, 29_1, 29_5, 31_1"
SEDITIO,4_2
SEIVNGO,22_5
SEMEN/1,30_4
SEMPER,29_6
SENATVS,"1_2, 2_2, 2_3, 3_4, 4_1, 4_3, 4_6, 4_6, 5_1, 7_1, 7_3, 8_7, 16_5, 20_2, 21_1, 21_2"
SENSVS,17_2
SENTENTIA,"9_3, 30_1"
SENTINA,12_3
SENTIO,"1_3, 6_2, 8_1, 8_2, 14_3, 20_3, 26_3, 27_5, 29_3, 32_1"
SEQVOR,17_4
SERMO,23_1
SERVILIVS/N,"3_2, 4_4"
SERVIO,23_2
SERVO,25_3
SERVS,5_2
SERVVS/2,"17_1, 27_5"
SESTIVS/N,21_1
SEVERITAS,"12_2, 29_1"
SEX,7_1
SI/2,"2_4, 5_2, 5_2, 6_3, 6_3, 6_3, 8_6, 10_4, 12_3, 13_5, 16_7, 17_1, 17_2, 17_3, 18_4, 19_1, 19_1, 20_1, 20_2, 20_4, 21_1, 21_1, 22_4, 22_4, 23_1, 23_1, 23_1, 27_3, 27_3, 27_3, 28_5, 29_1, 29_4, 29_5, 30_1, 30_2, 31_2, 31_3"
SIC,"16_4, 18_1, 31_3"
SICA,16_1
SICVT/1,6_2
SILENTIVM,20_6
SILEO,14_2
SIMILIS,"4_3, 5_4"
SIMVLATQVE,16_8
SIN,"12_3, 18_4, 23_2"
SINE,18_2
SINGVLVS,5_1
SINO,10_6
SOCIETAS,33_2
SOCIVS/2,"8_4, 18_2, 33_2"
SODALIS/1,19_5
SOLEO,24_2
SOLITVDO,20_1
SOLVM/2,"18_2, 21_2, 26_2, 26_2, 30_1"
SOMNVS,26_2
SP/N,3_2
SPECVLOR,6_2
SPES,"25_5, 30_1"
SPIRITVS,15_1
SPONTE,13_2
STATOR/N,"11_1, 33_2"
STATVO,9_4
STATVS/1,3_1
STIRPS,30_4
STO,15_1
STVDEO,"3_2, 21_3"
STVDIVM,"21_2, 26_2"
STVLTVS,30_2
STVPRVM,26_2
SVADEO,13_5
SVBSELLIVM,"16_8, 16_8"
SVI/1,"1_1, 7_3, 9_5, 19_6, 20_2, 29_5, 30_4, 30_4, 32_1, 33_1, 33_2"
SVM/1,"1_4, 3_3, 3_3, 4_2, 4_2, 4_3, 4_4, 4_6, 4_8, 5_1, 5_2, 5_2, 5_3, 5_4, 6_1, 6_3, 6_5, 7_1, 7_1, 7_1, 7_2, 7_4, 8_1, 8_1, 8_7, 8_7, 9_1, 9_2, 9_4, 9_4, 9_4, 9_5, 9_5, 10_1, 10_2, 11_1, 11_2, 11_3, 11_4, 12_2, 12_2, 12_2, 13_1, 13_6, 13_6, 13_7, 14_2, 15_1, 15_1, 15_2, 15_3, 16_1, 16_1, 16_2, 16_2, 16_3, 16_4, 16_7, 16_8, 16_8, 17_4, 18_2, 18_3, 18_3, 18_3, 18_4, 19_3, 19_4, 19_4, 19_5, 20_1, 20_2, 20_5, 21_2, 22_5, 22_5, 22_6, 22_7, 24_1, 24_1, 24_1, 24_1, 25_5, 26_2, 26_3, 27_1, 27_3, 27_5, 27_5, 27_5, 28_2, 29_1, 29_1, 29_5, 29_6, 30_1, 30_1, 30_2, 30_2, 31_2, 31_2, 31_3, 32_1, 32_2, 32_2, 33_2"
SVMMVS,"27_6, 28_5, 33_1"
SVPERVS,"1_4, 8_3, 10_1, 11_2, 14_2, 14_3, 18_3, 29_5, 29_5"
SVPPLICIVM,"3_3, 20_1, 27_6, 28_2, 33_2"
SVSCIPIO,27_1
SVSPECTVS/2,17_2
SVSPICIO/1,"4_2, 19_2"
SVSPICOR,19_5
SVSTINEO,23_1
SVVS,"3_2, 17_4, 30_4, 32_1"
TABVLA,4_6
TACEO,"8_5, 20_7, 21_2"
TACITVRNITAS,16_7
TACITVS,"18_1, 20_8"
TAM,"5_4, 5_4, 5_4, 7_2, 7_2, 7_3, 11_1, 11_1, 11_1, 17_2, 28_5, 30_2, 30_2, 30_4"
TAMEN,"2_2, 7_4, 16_1, 18_3, 20_3, 29_6"
TAMETSI,22_4
TAMQVAM/1,4_6
TANDEM,"1_1, 8_3, 16_8, 18_4, 25_1, 28_1"
TANTVS,"4_8, 7_2, 14_2, 16_6, 22_5, 26_1, 27_1, 31_2, 32_2, 32_2, 32_2, 32_2"
TECTVM,"12_1, 29_2, 33_2"
TELVM,"2_4, 15_1, 21_3"
TEMPESTAS,22_4
TEMPLVM,"12_1, 21_1, 33_2"
TEMPVS/1,"2_1, 10_1, 22_4, 22_6, 26_3, 31_1, 31_2"
TENEBRAE,6_3
TENEO,"1_3, 6_5, 28_3"
TENTO,27_1
TERRA,"3_1, 9_2, 9_2, 20_1"
TETER,11_1
TIBERIVS/N,3_1
TIMEO,"17_3, 18_3, 18_4, 28_4"
TIMOR,"1_2, 15_1, 18_4"
TOLLO,31_2
TOT,16_6
TOTIENS,11_1
TOTVS,"12_1, 13_8, 18_3"
TRANSFERO,24_2
TRIBVNAL,32_1
TRIBVNVS,4_4
TRVCIDO,9_3
TV,"1_2, 2_5, 2_5, 2_5, 3_4, 4_6, 5_2, 6_1, 6_1, 6_2, 7_3, 7_4, 7_4, 7_4, 7_4, 8_1, 8_3, 8_4, 8_7, 9_4, 9_4, 9_4, 9_5, 10_1, 10_3, 10_4, 10_5, 11_4, 12_3, 12_3, 12_3, 13_6, 13_6, 13_9, 14_3, 15_1, 15_1, 15_3, 16_1, 16_2, 16_4, 16_4, 16_6, 16_8, 16_8, 17_1, 17_1, 17_1, 17_2, 17_2, 17_3, 17_4, 17_4, 17_4, 18_1, 18_2, 18_2, 18_2, 18_2, 18_2, 18_3, 19_1, 19_2, 19_2, 19_2, 19_3, 19_4, 19_5, 19_5, 20_2, 20_2, 20_3, 21_2, 21_2, 21_2, 21_3, 21_3, 22_2, 22_2, 22_2, 22_2, 22_2, 22_3, 22_6, 22_7, 23_2, 23_2, 24_1, 24_1, 24_1, 24_2, 25_1, 25_2, 25_3, 25_4, 26_1, 26_3, 27_1, 27_1, 27_5, 27_5, 28_1, 28_5, 28_5, 29_2, 32_2, 32_2, 33_1, 33_2"
TVLLIVS/N,27_4
TVLLVS/N,15_1
TVM,"5_4, 7_3, 29_2"
TVMVLTVS,11_4
TVRPITVDO,"13_7, 14_3, 22_7"
TVTVS,19_4
TVVS,"1_1, 1_3, 1_3, 5_4, 6_3, 6_5, 7_1, 7_3, 10_3, 10_4, 11_4, 11_4, 12_3, 13_2, 13_7, 13_8, 14_3, 14_3, 14_3, 15_1, 15_1, 15_3, 16_3, 16_6, 16_8, 17_1, 17_2, 17_3, 18_3, 19_5, 22_4, 22_6, 23_1, 23_2, 24_1, 24_1, 25_1, 26_1, 26_2, 26_3, 28_5, 33_1, 33_2"
VACVEFACIO,"14_2, 16_8"
VAGINA,4_6
VALEO,18_2
VALERIVS/N,4_3
VASTITAS,12_1
VASTO,"3_1, 21_3, 29_2"
VBI/1,"1_4, 9_1, 26_3"
VEHEMENS,"3_4, 29_1, 31_3, 31_3"
VENA,31_2
VENEROR,24_2
VENIO,"2_3, 8_4, 10_1, 10_1, 14_3, 16_5, 19_3, 19_4"
VERE,33_2
VEREOR,"5_2, 17_4, 29_5"
VERO/3,"2_3, 3_1, 4_5, 14_1, 15_3, 16_3, 18_3, 28_5"
VERSO,31_1
VERSOR,10_6
VERVM/4,"4_6, 5_3, 18_2, 26_2, 26_2, 30_1, 30_4"
VERVS,"7_2, 18_4, 25_5"
VESTER,"10_1, 27_2"
VETVS,31_1
VEXATIO,18_2
VEXO,"27_1, 29_2"
VIDELICET,"19_5, 21_2"
VIDEO,"1_3, 2_2, 2_4, 4_1, 4_8, 5_1, 8_2, 8_7, 9_3, 11_4, 14_2, 15_3, 16_4, 17_2, 18_3, 19_6, 21_2, 22_4, 23_2, 26_1, 27_5, 27_5, 30_1, 30_1, 30_2, 31_2, 31_3, 32_2"
VIGIL/2,1_2
VIGILIA,8_1
VIGILO,"8_3, 26_2"
VIGINTI,4_5
VILIS,21_2
VINCVLVM,"19_6, 27_6"
VINDICO,"14_2, 19_5, 32_2"
VIR,"2_4, 3_1, 3_3, 10_1, 19_5, 21_1, 21_2, 26_1, 29_5"
VIRTVS,"3_3, 29_6, 32_2"
VIS,"17_4, 19_1, 21_1"
VISCVS/2,31_2
VITA,"12_1, 13_7, 14_3, 16_3, 20_1, 21_2, 26_2, 27_3, 33_2"
VITIVM,"14_3, 22_6"
VITO,"2_4, 15_3, 17_2, 19_2"
VIVO,"2_2, 2_3, 4_7, 4_7, 6_1, 6_1, 6_1, 9_1, 9_4, 29_4"
VIVVS/2,"31_3, 33_2"
VIX,"21_3, 23_1, 23_1"
VIXDVM,10_1
VLLVS,"17_3, 22_2, 22_2, 22_2"
VMQVAM,"13_8, 22_2, 22_7"
VNA,8_7
VNDIQVE,"6_5, 30_4"
VNIVERSVS,12_1
VNVS,"2_3, 4_4, 11_2, 18_2, 18_3, 29_4, 30_3, 31_2, 32_1, 32_1"
VOCO,12_1
VOLO/3,"11_4, 16_1, 19_2, 23_1"
VOLVNTAS,"20_8, 25_3"
VOLVPTAS,"25_2, 26_1"
VOX,"6_3, 9_3, 16_7, 20_4, 21_2, 22_4, 29_3"
VRBANVS,32_1
VRBS,"1_2, 9_1, 9_2, 9_4, 10_2, 10_4, 11_1, 12_1, 12_3, 13_3, 13_6, 17_1, 20_4, 27_5, 27_5, 28_3, 29_2, 32_1, 33_2, 33_2, 33_2"
VSQVE,"1_1, 21_3"
VSVRA,29_4
VT/4,"3_3, 4_1, 5_3, 6_1, 15_3, 15_3, 16_4, 16_4, 17_1, 17_3, 18_3, 18_4, 19_1, 19_3, 20_3, 21_3, 22_2, 22_2, 22_2, 22_2, 22_6, 22_6, 22_6, 22_7, 23_1, 23_1, 23_2, 24_2, 27_1, 27_1, 27_2, 27_5, 29_6, 31_3, 32_2"
VTILIS,12_2
VTINAM,22_3
VVLNERO,"9_3, 17_2"
VVLTVS,1_2
VXOR,14_2
