word_id,TITLE,"Cicero, In Catilinam I"
49,AB,"5_2, 13_8, 13_8, 13_8, 16_2, 17_3, 18_3, 19_3, 19_4, 19_5, 19_6, 19_6, 20_3, 21_3, 22_5, 22_7, 22_7, 22_7, 23_2, 23_2, 24_1, 24_1, 24_2, 25_5, 27_1, 27_1, 27_2, 27_5, 28_3, 32_1, 32_1, 33_2, 33_2, 33_2, 33_2"
69,ABEO/1,20_1
72,ABHORREO,"18_3, 20_3"
151,ABSVM/1,"13_8, 19_6"
163,ABVTOR,1_1
241,ACER/2,"3_3, 8_3"
245,ACERBVS,3_3
277,ACIES,4_5
346,AD/2,"1_1, 2_3, 2_5, 4_7, 4_7, 8_3, 8_3, 9_4, 10_1, 10_1, 12_1, 12_2, 12_2, 13_9, 13_9, 14_3, 14_3, 14_3, 14_3, 14_3, 16_8, 18_2, 18_2, 19_2, 19_3, 19_4, 19_5, 19_5, 19_5, 19_5, 20_2, 21_3, 23_2, 23_2, 23_2, 24_1, 24_2, 24_2, 25_3, 26_2, 26_2, 26_2, 27_6, 28_5, 29_4, 31_2, 32_1, 33_1"
376,ADDVCO,"5_3, 21_3"
382,ADEO/2,"5_1, 9_2"
388,ADHIBEO,19_1
393,ADHVC,6_2
431,ADMINISTER,7_1
439,ADMIROR,7_2
456,ADOLESCENS/2,21_1
458,ADOLESCENTVLVS,13_9
495,ADVENTVS,16_8
521,ADVLTVS,30_4
565,AEGER/2,31_3
646,AEQVVS,20_1
694,AESTVS,31_3
701,AETERNVS,33_2
753,AFFERO,25_2
765,AFFLICTO,31_3
815,AGGREGO,30_4
834,AGNOSCO,17_2
836,AGO,"1_4, 8_2, 8_4, 16_1, 18_1, 27_4"
854,AHALA/N,3_2
858,AIO,15_3
947,ALIENVS/2,23_2
960,ALIQVANDO,"10_2, 18_4, 25_1"
968,ALIQVIS,"5_1, 15_1, 16_1, 20_1, 28_5"
969,ALIQVO,17_3
970,ALIQVOT,18_2
977,ALIVS,14_2
1018,ALO,30_1
1032,ALTAR,24_2
1144,AMENTIA,"8_4, 25_3"
1163,AMICVS/1,"11_4, 16_6"
1213,AMPLVS,"3_1, 6_3"
1232,AN,"3_1, 28_2, 28_4, 29_2"
1324,ANIMA,27_2
1326,ANIMADVERTO,"20_6, 30_1"
1337,ANIMVS,"16_8, 20_1, 22_4, 29_6"
1370,ANNVS,18_2
1381,ANTE/2,"7_1, 7_1, 7_3, 9_5, 16_5, 21_2"
1448,ANTIQVVS,"3_2, 11_1"
1480,APERTE,"3_4, 12_1"
1570,APVD,9_4
1573,AQVA,31_3
1588,AQVILA,24_1
1625,ARBITROR,"1_4, 17_1"
1647,ARCEO,33_2
1681,ARDEO,29_2
1711,ARGENTEVS/2,24_1
1771,ARMA,7_1
1780,ARMATVS/2,24_1
1902,ASPECTVS,"17_2, 17_2"
1936,ASSEQVOR,16_1
1943,ASSERVO,19_3
1949,ASSIDO,16_8
2005,AT/2,"4_5, 21_1, 22_4, 28_1, 28_3"
2036,ATQVE/1,"2_4, 3_1, 4_4, 5_1, 6_2, 6_4, 7_1, 9_2, 10_1, 10_1, 10_5, 11_1, 14_3, 14_3, 15_1, 15_2, 16_1, 16_2, 16_6, 16_8, 17_2, 17_3, 17_4, 18_2, 18_4, 19_3, 19_6, 21_2, 21_3, 23_1, 24_1, 24_1, 25_1, 25_5, 27_1, 27_2, 29_1, 29_1, 30_4, 30_4, 31_1, 31_2, 33_1, 33_1, 33_2, 33_2, 33_2"
2052,ATROX,7_2
2061,ATTENDO,20_6
2109,AVCTOR,27_5
2111,AVCTORITAS,"3_4, 4_5, 17_4, 20_8, 21_2, 30_1, 32_2"
2119,AVDACIA,"1_1, 4_7, 7_1, 13_9, 31_1"
2125,AVDEO,"6_1, 8_5, 12_2, 19_3"
2126,AVDIO,"8_2, 26_1"
2211,AVRELIVS/A,24_1
2227,AVRIS,6_2
2247,AVSPICIVM,33_2
2257,AVT,"13_9, 13_9, 14_2, 14_2, 15_1, 15_1, 15_2, 15_2, 22_7, 22_7, 22_7, 28_5, 30_1, 30_1"
2258,AVTEM,"2_4, 5_1, 21_2, 23_2, 30_3, 31_2"
2275,AVVS,4_2
2306,BACCHOR,26_1
2432,BELLVM,"23_2, 25_4, 27_1, 27_5, 29_2, 33_1"
2493,BIBO/2,31_3
2608,BONI,"1_2, 5_2, 23_2, 32_1, 32_2, 33_2"
2614,BONVM,26_2
2615,BONVS,"19_5, 21_1, 21_1, 21_2, 26_1, 29_4"
2649,BREVIS,"26_3, 31_2"
2716,C/N,"3_2, 4_2, 4_3, 4_4, 7_1"
2757,CAEDES,"2_3, 3_1, 6_4, 7_3, 7_4, 16_8, 24_2"
2781,CAELVM/1,15_1
2829,CALAMITAS,"11_4, 22_5"
2935,CAMPVS/1,11_4
3031,CAPIO/2,"1_4, 4_2"
3092,CARCER,19_6
3105,CAREO,"17_2, 24_2"
3152,CARVS,"21_2, 27_3"
3195,CASTRA/2,"5_1, 5_1, 10_3, 27_5, 30_2"
3207,CASVS,16_1
3240,CATILINA/N,"1_1, 2_5, 3_1, 3_4, 4_6, 5_2, 6_3, 7_2, 9_4, 10_2, 11_3, 13_1, 13_6, 15_1, 18_1, 18_3, 20_1, 20_4, 20_6, 21_2, 22_7, 29_4, 30_1, 32_2, 33_1"
3290,CAVSA,"5_3, 7_3, 15_1, 19_2"
3314,CEDO/1,22_6
3447,CERTE,29_5
3452,CERTVS,"5_3, 7_1"
3475,CETERVS,"7_4, 21_2, 30_4, 33_2"
3668,CIRCVMCLVDO,7_4
3735,CIRCVMSTO,"21_2, 32_1"
3795,CIVIS,"3_3, 12_1, 17_1, 17_2, 17_2, 18_2, 21_2, 23_2, 24_2, 27_5, 28_1, 28_2, 28_3, 28_5, 29_5, 29_5, 33_2"
3796,CIVITAS,"7_3, 14_2, 15_1"
3801,CLAMO,21_2
3818,CLARVS,"4_2, 6_5, 29_5"
3847,CLEMENS,4_8
3966,COEPIO,10_2
3970,COERCEO,3_3
3972,COETVS,"6_3, 10_1"
3977,COGITO,"8_2, 9_2, 17_4, 22_2"
3990,COGNOSCO,28_5
4042,COLLIGO/3,30_4
4048,COLLOCO,5_1
4072,COLONIA/1,8_1
4112,COMES,12_3
4132,COMITIVM,"11_4, 15_1"
4147,COMMENDATIO,28_5
4178,COMMISSVM,15_2
4199,COMMOVEO,"6_1, 7_4, 22_6"
4206,COMMVNIS,"12_2, 17_4"
4230,COMPARO/2,32_1
4246,COMPERIO,"10_1, 27_5"
4250,COMPETITOR,11_4
4272,COMPLVRES/2,"8_4, 29_5"
4284,COMPREHENDO,5_2
4291,COMPRIMO,"11_4, 30_3"
4307,CONATVS,11_4
4318,CONCEDO/1,17_3
4358,CONCITO/1,"11_4, 23_2"
4392,CONCVPIO,25_4
4400,CONCVRSVS,1_2
4406,CONDEMNO,5_1
4451,CONFERO,"2_5, 7_3, 23_2"
4460,CONFESTIM,4_6
4462,CONFICIO,26_3
4465,CONFIDO,"8_1, 24_1"
4475,CONFIRMO,"4_7, 9_4"
4478,CONFLAGRO,29_2
4482,CONFLO,"23_1, 25_5"
4525,CONGREGO,32_1
4530,CONICIO,15_3
4547,CONIVNGO,"11_4, 33_2"
4549,CONIVRATI,12_3
4551,CONIVRATIO,"1_3, 6_3, 13_6, 27_5, 30_1, 30_2, 31_1"
4565,CONOR,"15_3, 16_1"
4587,CONSCIENTIA,17_2
4592,CONSCRIBO,"4_8, 9_2, 27_2, 29_4, 31_1, 32_2"
4604,CONSENSIO,32_2
4618,CONSERVO,7_3
4635,CONSILIVM,"1_3, 1_4, 2_3, 3_4, 6_5, 7_3, 9_2, 18_3"
4656,CONSPICIO,17_2
4678,CONSTITVO,"16_8, 24_1, 24_1, 33_2"
4687,CONSTRINGO,1_3
4699,CONSVL,"2_2, 2_5, 3_1, 3_4, 4_1, 4_3, 9_3, 11_3, 11_4, 13_3, 15_1, 15_1, 15_3, 16_2, 21_1, 23_1, 27_1, 32_1, 32_2"
4700,CONSVLARIS/2,"4_2, 11_4, 16_8"
4701,CONSVLATVS,"27_1, 31_1"
4702,CONSVLO,13_5
4707,CONSVLTVM,"3_4, 4_3, 4_6, 4_6"
4722,CONTAMINO,29_5
4760,CONTINEO,"6_3, 7_4, 19_4, 21_3"
4761,CONTINGO/1,16_7
4773,CONTRA/2,"5_1, 6_1, 7_4, 18_3"
4809,CONTVMELIA,16_7
4824,CONVENIO,"4_6, 8_4"
4849,CONVINCO,8_6
4858,CONVOCO,1_4
4874,COPIA,11_4
4943,CORPVS,"13_8, 15_3, 16_2"
4952,CORRIGO,22_2
4954,CORROBORO,30_1
4962,CORRVPTELA,13_9
5006,COTIDIE,5_1
5053,CREDO,"5_2, 6_4, 30_1"
5079,CRESCO,5_1
5147,CRVDELIS,"5_2, 30_1"
5235,CVM/2,"4_2, 8_3, 10_4, 10_6, 11_4, 14_2, 15_1, 17_2, 18_1, 19_1, 19_4, 23_2, 24_1, 27_3, 30_4, 32_1, 33_1, 33_1, 33_1, 33_1"
5236,CVM/3,"5_4, 7_3, 7_4, 8_1, 10_1, 10_2, 11_4, 15_1, 16_7, 19_4, 20_1, 21_2, 21_2, 21_2, 26_1, 27_1, 29_2, 31_3"
5251,CVMVLO,14_2
5260,CVNCTVS,27_3
5276,CVPIDITAS,25_1
5281,CVPIO,"3_1, 4_8, 4_8"
5290,CVRA,"9_5, 31_2"
5300,CVRIA,32_1
5331,CVSTODIA,"8_1, 19_2, 19_6"
5332,CVSTODIO,"6_2, 19_5"
5333,CVSTOS,11_1
5470,DE,"5_3, 9_2, 9_2, 9_2, 9_3, 16_1, 17_4, 20_3, 21_2, 28_2, 32_1"
5481,DEBEO,"16_4, 16_4, 17_2, 19_1, 19_6, 20_1"
5505,DECERNO,"4_1, 20_2, 21_2"
5532,DECLINATIO,15_3
5583,DEDECVS,13_7
5608,DEFENDO,"6_1, 11_3"
5618,DEFICIO,28_3
5619,DEFIGO,16_2
5676,DEINDE,31_3
5692,DELECTO,13_6
5700,DELEO,30_4
5720,DELIGO/3,9_4
5751,DEMIGRO,19_5
5787,DENIQVE,"5_4, 11_4, 32_1, 32_1"
5835,DEPONO,4_7
5850,DEPRECOR,27_2
5869,DERELINQVO,25_5
5908,DESIDERO,10_3
5914,DESIGNO,"2_3, 11_3, 15_3"
5916,DESINO,"18_4, 32_1"
5919,DESISTO,16_1
5960,DESVM/1,"3_4, 3_4"
5978,DETESTOR,27_2
5991,DETRIMENTVM,4_1
6030,DEVOVEO,16_2
6033,DEVS,"9_1, 11_1, 12_1, 22_3"
6040,DEXTERA,24_2
6077,DICO/2,"3_4, 5_2, 7_1, 7_3, 7_4, 8_4, 9_4, 19_1, 19_2, 20_2, 21_1, 23_1, 27_2, 30_1, 32_1"
6100,DIES,"4_4, 4_5, 5_1, 7_1, 7_1, 7_1, 7_1, 7_2, 7_3, 7_4, 24_1"
6112,DIFFICVLTAS,14_3
6136,DIGNVS,19_6
6151,DILIGENS,"19_5, 27_2"
6152,DILIGENTIA,"7_4, 11_3, 32_2"
6176,DIMITTO,10_1
6223,DIREPTIO,18_2
6234,DISCEDO/1,18_4
6242,DISCESSVS,7_4
6248,DISCIPLINA,12_2
6267,DISCRIBO,9_4
6349,DISSIMVLO,30_1
6356,DISSOLVO,4_8
6387,DISTRIBVO,9_4
6395,DIV,"1_1, 2_5, 10_3, 10_6, 17_2, 17_4, 21_3, 24_2"
6441,DO,"19_2, 22_3, 29_4"
6472,DOLOR,25_2
6478,DOMESTICVS/2,"13_7, 14_3"
6500,DOMVS,"6_3, 8_4, 10_1, 17_1, 19_3, 24_1, 32_1"
6561,DVBITO,"13_2, 17_2, 20_1"
6570,DVCO,"2_5, 27_6"
6576,DVDVM,12_3
6588,DVMMODO,22_5
6595,DVO,9_5
6596,DVODECIM,7_1
6630,DVX,"5_1, 27_5"
6705,ECQVIS,"20_6, 20_6"
6732,EDVCO/2,"9_4, 10_4, 30_4"
6747,EFFERO/2,28_5
6774,EFFRENO,"1_1, 25_1"
6778,EFFVGIO,"11_1, 15_3"
6801,EGO,"4_8, 4_8, 5_2, 5_2, 5_3, 6_4, 6_5, 7_1, 7_2, 7_3, 8_2, 8_3, 8_3, 9_3, 9_4, 9_5, 10_1, 10_1, 10_1, 10_1, 10_5, 10_5, 11_3, 11_3, 11_4, 11_4, 11_4, 13_2, 13_4, 13_5, 14_2, 15_3, 15_3, 17_1, 17_2, 17_2, 18_3, 18_3, 18_4, 19_3, 19_4, 19_4, 21_1, 21_3, 23_1, 23_2, 24_1, 27_2, 27_3, 27_3, 29_3, 29_4, 29_5, 29_5, 29_6"
6803,EGREDIOR,"10_2, 20_4, 23_2"
6811,EICIO,"23_2, 30_4"
6824,ELABOR/2,16_1
6894,ELVDO,1_1
6940,EMITTO,27_5
6949,EMORIOR,20_1
6985,ENIM/2,"4_6, 8_7, 13_6, 15_2, 16_4, 20_2, 22_7, 25_2"
7019,EO/1,"20_2, 22_4, 23_1, 23_2, 25_1"
7021,EODEM,"8_4, 30_4"
7101,EQVES,"9_5, 21_2, 32_2"
7144,ERIPIO,"18_4, 20_1"
7173,ERVMPO,"6_3, 31_1"
7212,ET/2,"2_3, 3_4, 4_3, 4_4, 4_7, 6_1, 6_1, 6_2, 9_3, 9_3, 9_5, 11_4, 11_4, 12_1, 12_2, 12_3, 14_2, 15_1, 15_1, 15_3, 16_1, 17_2, 17_2, 17_4, 18_1, 18_2, 19_5, 19_5, 19_5, 20_1, 20_2, 20_3, 21_1, 21_2, 21_2, 21_2, 22_5, 23_2, 24_1, 27_2, 27_5, 29_3, 29_5, 29_5, 29_5, 29_5, 30_1, 30_4, 31_1, 31_2, 31_2, 32_1, 33_2, 33_2"
7215,ETENIM,"6_3, 27_3, 29_5, 31_1"
7222,ETIAM,"1_1, 2_3, 6_2, 8_2, 9_4, 10_1, 10_4, 14_2, 18_2, 19_1, 19_3, 21_2, 24_1, 25_5, 26_2, 26_2, 28_1, 29_5, 30_1, 30_4"
7227,ETRVRIA/N,5_1
7266,EVERTO,18_2
7293,EVOCATOR,27_5
7333,EX,"4_6, 10_2, 12_3, 13_3, 16_6, 16_6, 20_4, 25_5, 27_5, 31_2"
7364,EXAVDIO,21_2
7391,EXCIDO/1,16_1
7402,EXCLVDO,10_1
7436,EXEO/1,"9_4, 12_3, 13_3, 27_5"
7437,EXERCEO/2,25_3
7448,EXHAVRIO,12_3
7472,EXISTIMO,29_2
7477,EXITIVM,"9_2, 12_1, 33_1"
7611,EXSILIVM,"13_4, 20_2, 20_4, 22_2, 22_4, 23_1, 23_1"
7612,EXSISTO,"14_2, 18_2"
7626,EXSPECTO,"6_3, 16_7, 20_4, 20_8, 27_5"
7637,EXSTINGVO,30_4
7648,EXSVL,27_1
7652,EXSVLTO,"23_2, 26_1"
7680,EXTORQVEO,16_1
7682,EXTRA/2,13_6
7736,FACILIS,"14_2, 21_3"
7741,FACINVS,"13_8, 14_2, 18_2, 26_2"
7742,FACIO,"2_4, 5_2, 5_3, 5_3, 5_4, 6_2, 12_2, 12_2, 13_2, 13_2, 20_3, 23_1, 29_4, 30_1, 30_2"
7768,FALCARIVS,8_4
7780,FALLO,7_2
7786,FALSVS,18_4
7788,FAMA,13_7
7791,FAMES,26_3
7844,FATEOR,"5_4, 30_2"
7870,FAVX,5_1
7871,FAX,"13_9, 32_1"
7875,FEBRIS,31_3
7933,FERO,"10_6, 16_8, 18_3, 18_3, 18_3, 19_4, 23_1, 26_2"
7952,FERRVM,"9_3, 13_9"
8055,FINIS,1_1
8061,FIO,2_3
8069,FIRMO,10_1
8071,FIRMVS,6_1
8093,FLACCVS/N,29_5
8099,FLAGITIVM,"13_8, 18_2"
8188,FOEDVS/1,33_2
8240,FORTASSE,31_2
8245,FORTIS,"2_4, 3_3, 19_5, 21_1, 21_2"
8247,FORTITVDO,29_1
8251,FORTVNA,"14_3, 15_1, 25_3, 25_5, 33_2"
8257,FORVM/1,24_1
8284,FRANGO,22_2
8311,FREQVENTIA,"16_6, 21_2"
8327,FRIGVS,26_3
8341,FRONS/1,32_1
8385,FVGA,"20_1, 22_2"
8423,FVLVIVS/N,4_2
8453,FVNESTVS,24_1
8471,FVRIOSVS,25_1
8476,FVROR/1,"1_1, 2_4, 15_1, 22_7, 31_1"
8575,GAVDIVM,26_1
8591,GELIDVS,31_3
8640,GENS,9_1
8708,GLADIATOR,29_4
8713,GLADIVS,32_1
8738,GLORIA,"23_2, 29_6"
8774,GRACCHVS/N,"3_1, 4_2, 29_5"
8784,GRADVS,28_5
8827,GRATIA,"11_1, 28_5"
8847,GRAVIS,"3_4, 9_2, 16_7, 31_3, 31_3"
8850,GRAVITER,17_2
8910,HABEO,"1_2, 3_4, 4_6, 9_1, 11_1, 26_3"
8918,HABITO,19_2
8948,HAEREO,13_7
9012,HEBESCO,4_5
9094,HERCVLES,17_1
9166,HIC/1,"1_2, 1_2, 1_3, 2_2, 2_2, 3_3, 3_4, 4_5, 5_2, 5_3, 9_2, 9_2, 9_3, 10_1, 11_1, 11_1, 11_1, 12_2, 13_6, 14_2, 14_2, 15_1, 15_1, 15_1, 16_6, 16_7, 17_4, 18_4, 19_1, 20_2, 20_3, 20_4, 20_6, 21_1, 21_1, 21_1, 21_2, 21_3, 25_2, 25_3, 26_2, 27_6, 28_1, 28_3, 29_3, 29_3, 29_4, 29_5, 29_6, 30_1, 30_1, 30_3, 30_3, 30_4, 31_1, 31_3, 32_2, 33_1, 33_2, 33_2, 33_2, 33_2"
9167,HIC/2,"8_7, 9_2, 9_2, 26_1"
9254,HOMO,"11_2, 13_6, 16_7, 23_1, 28_5, 29_3, 31_3, 33_2"
9264,HONESTO,29_5
9266,HONESTVS,21_2
9267,HONOR,28_5
9279,HORA,29_4
9295,HORRIBILIS,11_1
9311,HORTOR,12_3
9331,HOSTIS,"3_3, 5_1, 5_1, 13_3, 27_5, 27_5, 33_2"
9361,HVMVS,26_2
9427,IACEO,26_2
9433,IACTO,"1_1, 31_3"
9444,IAM,"1_3, 2_5, 2_5, 4_5, 4_8, 5_2, 5_3, 5_4, 6_3, 6_4, 6_5, 8_3, 9_4, 10_1, 10_6, 11_1, 12_1, 12_3, 13_2, 13_6, 15_2, 16_1, 16_4, 17_2, 17_4, 18_2, 19_6, 21_1, 21_3, 21_3, 23_1, 24_1, 25_1, 32_1"
9446,IAMDIV,31_1
9454,IANVARIVS/A,15_1
9495,IDEM,"7_3, 8_4, 19_4, 19_4, 21_1, 21_3, 29_3, 33_2"
9508,IDVS,14_3
9518,IGITVR,9_4
9531,IGNOMINIA,14_3
9536,IGNORO,1_4
9572,ILLE,"3_2, 7_4, 8_1, 8_3, 9_4, 9_5, 10_1, 10_3, 14_3, 15_2, 18_3, 21_2, 24_1, 24_2, 26_2, 26_3"
9573,ILLECEBRA,13_9
9607,ILLVSTRO/2,"6_3, 32_2"
9646,IMMANITAS,14_2
9665,IMMINEO,30_1
9671,IMMITTO,27_5
9672,IMMO,2_3
9683,IMMORTALIS,"9_1, 11_1, 12_1, 22_3"
9711,IMPEDIO,28_1
9716,IMPENDEO,"14_3, 22_4, 29_6"
9722,IMPERATOR,"5_1, 10_3, 27_5"
9734,IMPERITVS,30_1
9735,IMPERIVM,"12_2, 28_5, 33_2"
9738,IMPERO,"13_2, 27_6"
9747,IMPETRO,19_1
9748,IMPETVS,8_1
9754,IMPIVS,"23_2, 24_2, 33_1"
9776,IMPORTVNVS,23_2
9795,IMPROBVS,"5_4, 25_5, 30_1, 30_2, 32_1"
9819,IMPVNITVS,18_2
9827,IN,"2_3, 2_5, 2_5, 3_3, 3_4, 4_6, 4_6, 4_8, 5_1, 5_1, 5_1, 5_1, 7_1, 7_1, 7_3, 7_3, 8_4, 8_7, 9_1, 9_2, 9_2, 9_5, 11_2, 11_4, 12_3, 13_4, 13_6, 13_6, 13_7, 14_2, 15_1, 16_2, 16_5, 18_3, 19_2, 19_4, 20_1, 20_2, 20_4, 21_1, 22_4, 22_4, 22_4, 23_1, 23_1, 26_1, 26_1, 27_5, 27_5, 27_6, 28_1, 28_3, 29_5, 30_1, 30_1, 30_2, 30_3, 31_1, 31_1, 31_2, 31_2, 31_3, 32_1, 32_1, 32_2, 32_2, 32_2, 32_2"
9862,INANIS,16_8
9897,INCENDIVM,"3_1, 6_4, 9_4, 29_2"
9948,INCLVDO,"4_6, 31_2"
9989,INCREDIBILIS,"7_2, 14_2, 25_2"
9997,INCREPO,18_3
10099,INDVCO,22_4
10129,INEO/1,18_3
10138,INERTIA,"4_8, 29_1"
10193,INFERO,"21_1, 23_2"
10199,INFESTVS,"11_1, 17_2"
10220,INFITIOR,7_4
10221,INFLAMMO,32_1
10275,INGRAVESCO,31_3
10308,INIMICVS/2,"23_1, 33_2"
10314,INITIO,16_2
10321,INIVRIA,17_2
10365,INOPIA,26_3
10385,INQVIO,20_2
10408,INSCRIBO,32_1
10427,INSIDIAE,31_1
10429,INSIDIOR,"11_3, 26_2, 32_1"
10545,INTELLIGO,"2_2, 8_3, 20_3, 30_2, 30_3"
10555,INTENDO,30_2
10565,INTER,"8_4, 10_5, 33_2"
10571,INTERCEDO/1,4_2
10596,INTERFICIO,"3_1, 4_2, 4_6, 5_2, 5_4, 9_5, 11_4, 12_3, 15_1, 15_3, 29_5, 30_3"
10614,INTERITVS,9_2
10663,INTERROGO,13_4
10676,INTERSVM/1,10_5
10697,INTESTINVS,5_1
10712,INTRA/2,5_1
10756,INVENIO,5_4
10780,INVIDIA,"22_4, 23_1, 23_1, 28_4, 28_5, 29_1, 29_1, 29_2, 29_5, 29_6, 29_6"
10795,INVITO,"23_2, 24_1"
10815,INVRO,13_7
10847,IPSE,"4_8, 7_4, 8_1, 9_4, 9_5, 10_1, 11_1, 19_6, 21_1"
10872,IRRETIO,13_9
10903,IS,"4_6, 5_1, 5_4, 7_2, 9_3, 10_1, 10_1, 12_2, 12_2, 13_2, 16_2, 17_2, 17_3, 17_3, 19_4, 20_2, 20_3, 22_7, 23_1, 27_1, 27_2, 27_5, 29_3, 29_6, 30_1, 30_1, 33_1"
10921,ISTE,"1_1, 2_4, 3_3, 6_4, 9_5, 13_6, 16_1, 16_3, 16_8, 16_8, 17_1, 20_1, 22_3, 22_5, 23_1, 24_2, 25_1, 29_4, 30_2, 31_2, 31_3"
10932,ITA,"6_1, 10_2, 15_3, 20_1"
10934,ITALIA/N,"5_1, 9_4, 12_1, 27_3, 29_2, 33_2"
10964,IVBEO,"5_2, 12_3, 13_3, 13_5"
10967,IVCVNDVS,15_1
10976,IVDICIVM,"16_7, 17_4"
10977,IVDICO,"17_4, 19_6, 29_4"
11002,IVNGO,33_1
11014,IVPPITER/N,"11_1, 33_2"
11026,IVS/1,"5_4, 21_1, 28_3"
11032,IVSSVS,"2_5, 8_1, 23_1"
11039,IVSTVS,"17_2, 20_1, 27_2"
11074,KALENDAE,"7_1, 7_1, 7_3, 8_1, 15_1"
11077,L/N,"4_1, 4_3, 4_4"
11083,LABEFACTO,3_1
11095,LABOR/1,26_2
11149,LAECA/N,"8_4, 9_4"
11169,LAETITIA,26_1
11350,LATRO/1,33_2
11352,LATROCINIVM,"23_2, 27_1, 31_2"
11389,LAVS,23_2
11414,LECTVS/1,9_5
11451,LENIS/2,12_2
11478,LEPIDVS/N,"15_1, 19_2"
11528,LEX,"18_2, 22_6, 28_2"
11539,LIBER/2,18_2
11547,LIBERI,4_2
11548,LIBERO,"9_5, 10_5, 20_4"
11558,LIBIDO,"13_8, 13_9"
11593,LICET/1,6_5
11739,LOCVS,"1_2, 14_2, 32_1"
11755,LONGE,19_6
11773,LOQVOR,"16_4, 18_1, 19_1, 20_8, 22_1, 27_3"
11925,LVX,"6_5, 9_5, 15_1"
11985,M/N,"19_2, 19_5"
12006,MACHINOR,2_5
12016,MACTO,"27_6, 33_2"
12032,MAELIVS/N,3_2
12061,MAGIS/2,7_2
12084,MAGNVS,"3_1, 10_1, 10_5, 11_1, 11_4, 12_3, 19_4"
12094,MAIORES,"4_2, 12_2, 28_1, 28_5"
12125,MALLEOLVS,32_1
12129,MALO,"17_2, 23_2"
12133,MALVM/1,30_4
12161,MANDO/2,"20_2, 27_2"
12169,MANE/2,10_1
12186,MANLIANVS/N,"10_3, 30_2"
12187,MANLIVS/N,"7_1, 23_2, 24_1"
12213,MANVS/1,"3_2, 12_3, 13_8, 15_1, 16_1, 21_1, 21_3, 23_2, 25_5"
12222,MARCELLVS/N,21_1
12231,MARCVS/N,"4_2, 8_4, 21_1, 27_4"
12247,MARITVS/1,26_2
12249,MARIVS/N,4_3
12317,MATVRITAS,31_1
12319,MATVRVS,28_5
12331,MAXIME,29_6
12373,MEDIOCRITER,3_1
12382,MEDITOR,"22_2, 26_2"
12444,MEMINI,7_1
12452,MEMORIA,"16_7, 22_4"
12481,MENS,"6_4, 15_1, 17_2, 22_3, 27_2, 29_3"
12571,METELLVS/N,"19_4, 19_5"
12593,METVO,"13_6, 17_1, 17_1, 17_4"
12594,METVS,"10_5, 18_3, 20_4, 22_7, 28_5, 29_1, 31_2"
12598,MEVS,"6_1, 7_4, 7_4, 8_1, 8_1, 9_5, 10_1, 11_4, 17_1, 17_1, 17_2, 19_3, 20_3, 22_4, 23_2, 27_3"
12675,MINVS,"10_4, 22_4"
12718,MISERICORDIA,16_4
12736,MITTO,10_1
12767,MODO/1,"7_2, 8_2, 10_5, 25_4, 25_5, 29_5, 30_4"
12775,MODVS,"4_6, 19_4"
12779,MOENIA,"5_1, 19_4, 33_2"
12788,MOLES,23_1
12797,MOLIOR,"5_1, 8_2"
12806,MOLLIS,30_1
12851,MORA,9_4
12858,MORBVS,"31_3, 31_3"
12872,MORS,"2_5, 4_4, 14_2, 27_6, 28_1, 29_4"
12880,MORTVVS/2,33_2
12883,MOS,"2_1, 20_3, 28_1"
12892,MOVEO,1_2
12935,MVLTI,30_1
12953,MVLTO/1,"28_1, 29_4"
12954,MVLTO/2,"27_3, 31_3"
12960,MVLTVS,"6_1, 6_2, 7_2, 7_3, 8_3, 10_1, 10_4, 15_2, 18_2, 20_1"
12984,MVNIO/2,"1_2, 8_1, 10_1"
13006,MVRVS,"10_5, 32_1"
13043,MVTO/2,6_4
13092,NAM,"3_2, 12_3"
13096,NANCISCOR,25_5
13113,NASCOR,30_1
13142,NATVRA,25_3
13153,NAVFRAGVS/2,30_4
13189,NE/2,"1_2, 8_1, 15_1, 28_1"
13190,NE/4,"4_1, 5_2, 6_1, 14_2, 18_4, 25_4, 27_5, 29_5"
13204,NECESSARIVS/1,16_6
13206,NECESSE,16_2
13226,NEFARIVS,"6_3, 11_4, 25_4, 33_1, 33_2"
13235,NEGLIGO,"18_2, 28_5"
13236,NEGO,"8_5, 8_6"
13252,NEMO,"5_4, 13_6, 13_6, 15_1, 16_7, 30_2, 30_2"
13274,NEQVE,"3_4, 6_3, 6_3, 15_2, 16_1, 17_3, 17_4, 17_4, 17_4, 21_2, 22_7, 25_2, 26_1, 26_1"
13280,NEQVITIA,"4_8, 29_1"
13300,NESCIO,"15_1, 16_2, 31_1"
13314,NEX,"18_2, 24_2"
13342,NIHIL,"1_2, 1_2, 1_2, 1_2, 1_2, 1_2, 8_2, 8_2, 8_2, 16_1, 16_1, 17_4"
13354,NIMIS,3_2
13355,NIMIVM/2,10_3
13367,NISI,"17_4, 18_2, 25_4"
13399,NOCTVRNVS,"1_2, 8_1"
13423,NOMINO,"27_1, 33_2"
13425,NON,"1_3, 1_3, 3_4, 4_7, 4_8, 5_2, 5_4, 6_2, 7_2, 7_3, 7_4, 8_2, 8_2, 8_4, 10_6, 10_6, 10_6, 10_6, 11_2, 11_3, 13_5, 13_6, 13_6, 13_7, 13_7, 13_9, 14_2, 14_3, 14_3, 15_1, 15_2, 15_3, 16_4, 17_1, 18_2, 18_3, 18_3, 19_1, 19_3, 20_1, 20_3, 22_6, 23_2, 25_4, 25_5, 26_2, 26_2, 27_5, 27_6, 27_6, 29_1, 29_2, 29_4, 29_5, 29_5, 29_5, 29_6, 30_1, 30_1, 30_1, 30_2, 30_2, 30_3, 30_4"
13434,NONDVM,"5_3, 9_3, 12_2"
13440,NONNE,"14_2, 19_1, 27_6"
13442,NONNVLLVS,30_1
13453,NOS,"1_1, 1_4, 2_4, 2_5, 3_1, 3_4, 3_4, 4_5, 6_5, 10_6, 14_3, 17_4, 22_4, 32_1, 32_2"
13456,NOSTER,"1_1, 2_3, 7_4, 9_2, 9_2, 31_1"
13459,NOTA,13_7
13468,NOTO,2_3
13481,NOVEMBER/N,"7_1, 7_1, 7_3, 8_1"
13494,NOVVS,"3_2, 14_2"
13496,NOX,"1_4, 4_2, 6_3, 8_3, 8_4, 9_4, 9_5"
13517,NVDVS,16_8
13524,NVLLVS,"4_2, 11_4, 16_4, 18_2, 18_2, 18_3, 19_4, 28_5"
13525,NVM,"4_4, 7_2, 7_4, 8_5, 13_2, 13_4"
13540,NVMERVS,"5_1, 9_2, 26_1"
13552,NVMQVAM,"25_4, 28_3"
13560,NVNC,"6_1, 9_4, 12_1, 16_3, 17_4, 18_3, 27_2, 30_2, 31_2"
13572,NVPER,14_2
13574,NVPTIAE,14_2
13607,O,"2_1, 2_1, 9_1"
13610,OB,"18_4, 23_1"
13624,OBEO/1,26_2
13663,OBLIVISCOR,6_4
13691,OBSCVRO,6_3
13693,OBSCVRVS,"8_4, 15_2"
13710,OBSIDEO,6_1
13714,OBSIDO,"26_2, 32_1"
13734,OBSTO,"11_4, 15_1"
13747,OBTEMPERO,20_2
13795,OCCIDO/2,"3_2, 4_2"
13816,OCCVPO/2,8_1
13861,OCVLVS,"2_3, 6_2, 13_8, 17_2, 17_3"
13864,ODI,"13_6, 17_3, 17_4"
13868,ODIVM,"16_4, 17_2"
13902,OFFENDO,17_2
13972,OMEN,33_1
13975,OMITTO,15_2
13986,OMNIS,"1_2, 1_3, 2_5, 5_2, 6_3, 6_5, 9_2, 10_1, 10_4, 12_1, 14_3, 14_3, 16_8, 17_1, 17_2, 17_2, 17_4, 24_1, 25_5, 26_3, 27_3, 28_5, 30_4, 31_1, 32_2, 32_2, 33_1, 33_2"
14030,OPIMIVS/N,4_1
14034,OPINOR,17_3
14039,OPORTET,"2_5, 5_3, 9_3"
14061,OPPRIMO,"16_7, 18_4, 32_2"
14076,OPTIMAS,7_3
14106,ORBIS,"3_1, 9_2, 9_2"
14129,ORDO,"3_4, 20_2, 30_1"
14183,OS/1,1_2
14214,OSTENTO,26_3
14240,OTIOSVS,26_2
14241,OTIVM,25_4
14253,P/N,"3_1, 21_1"
14266,PACISCOR,24_1
14272,PACTVM,31_1
14274,PACTVS/2,17_1
14313,PALATIVM/N,1_2
14469,PARENS/1,"17_3, 17_4"
14479,PARIES,"6_3, 19_4"
14483,PARIO/2,"25_3, 29_6"
14495,PARO/2,15_1
14504,PARRICIDA,29_5
14506,PARRICIDIVM,"17_4, 33_1"
14507,PARS,"9_4, 9_4, 16_8"
14519,PARTICEPS/2,2_3
14539,PARVVS/2,15_3
14566,PATEFACIO,32_2
14570,PATEO,"1_3, 10_2"
14571,PATER,"4_2, 4_8, 9_2, 27_2, 29_4, 31_1, 32_2"
14581,PATIENTIA,"1_1, 26_3"
14583,PATIOR,"4_5, 10_6, 14_2, 20_7, 21_2, 27_5"
14586,PATRIA,"17_4, 19_1, 23_2, 27_2, 27_3, 33_2"
14605,PAVCI,29_3
14621,PAVLISPER,30_3
14622,PAVLO,"9_4, 9_5, 16_5, 21_2"
14764,PENITVS/2,"27_2, 31_2"
14789,PER,"11_4, 18_2, 28_5, 28_5"
14826,PERCIPIO,27_2
14858,PERDITVS,"13_6, 25_5, 27_5"
14862,PERDO,"5_4, 23_2"
14895,PERFERO,3_1
14915,PERFRINGO,18_2
14916,PERFRVOR,26_1
14932,PERGO,"10_2, 23_1"
14944,PERICLITOR,11_2
14947,PERICVLVM,"4_8, 19_4, 22_5, 22_7, 28_5, 31_1, 31_2"
15005,PERMITTO,4_3
15009,PERMOVEO,16_4
15020,PERNICIES,"5_1, 8_3, 11_4, 33_1"
15021,PERNICIOSVS,"3_3, 12_3, 24_1, 28_1"
15059,PERPETVVS,30_3
15081,PERSAEPE,"16_8, 28_1"
15123,PERSPICIO,"20_8, 21_2"
15146,PERTERREO,22_4
15151,PERTIMESCO,"17_4, 22_6, 29_1"
15154,PERTINEO,14_3
15178,PERVENIO,30_2
15215,PESTIS,"2_5, 11_1, 30_3, 30_4, 33_1"
15227,PETITIO,15_3
15230,PETO,"11_4, 12_1"
15496,PLACEO,"9_4, 20_2"
15503,PLACO,17_3
15525,PLANVS/2,8_2
15547,PLEBS,4_4
15618,POENA,"4_4, 22_6, 31_3"
15649,POLLICEOR,"9_5, 32_2"
15718,PONTIFEX,3_1
15749,POPVLVS/1,"1_2, 5_1, 15_1, 28_5"
15768,PORTA,"10_2, 21_3"
15800,POSSVM/1,"5_4, 6_1, 6_3, 7_4, 7_4, 10_6, 13_6, 15_1, 15_3, 17_3, 18_3, 18_3, 19_1, 19_4, 20_1, 21_2, 24_2, 27_1, 30_3"
15801,POST/2,16_7
15802,POSTEA,"4_4, 15_2"
15807,POSTERITAS,"22_4, 28_4, 29_5"
15833,POSTVLO,"20_2, 22_6"
15856,POTIVS,"5_2, 27_1, 27_1"
15902,PRAECLARVS,"26_3, 28_5"
15924,PRAEDICO/1,23_1
15925,PRAEDICO/2,10_1
15949,PRAEFERO,13_9
15994,PRAEMITTO,"24_1, 24_1"
16003,PRAENESTE/N,8_1
16067,PRAESENS,22_4
16071,PRAESENTIA/1,17_2
16081,PRAESIDIVM,"1_2, 6_1, 7_4, 8_1, 10_1, 11_3, 11_4"
16096,PRAESTOLOR,24_1
16116,PRAETEREO/1,3_2
16124,PRAETERMITTO,"14_2, 14_3"
16138,PRAETOR,"4_4, 19_4, 32_1"
16201,PRIDEM,"2_5, 5_3, 21_3, 25_1"
16203,PRIDIE,15_1
16218,PRIMO,31_3
16224,PRIMVS,12_2
16225,PRINCEPS/1,"7_3, 15_1, 27_5"
16231,PRIOR,8_4
16241,PRIVATVS,"3_1, 11_3, 22_5, 28_1"
16248,PRIVO,"6_3, 13_7, 14_3"
16263,PROBO,21_2
16346,PROFECTIO,32_2
16355,PROFICIO,27_1
16356,PROFICISCOR,"9_4, 10_2, 20_4, 23_1, 24_2, 33_1"
16367,PROFVGIO,7_3
16462,PROPE/2,"1_4, 11_4, 27_2"
16506,PROPRIVS,12_2
16507,PROPTER/2,"4_2, 18_3, 28_5"
16537,PROSEQVOR,21_3
16620,PROXIMVS/2,14_3
16664,PVBLICVS/2,"2_3, 2_4, 3_1, 3_3, 3_4, 4_1, 4_3, 4_4, 4_8, 5_1, 6_1, 7_4, 8_3, 9_1, 9_3, 11_1, 11_2, 11_3, 11_4, 11_4, 12_1, 12_3, 12_3, 14_3, 20_4, 22_5, 22_6, 27_1, 27_3, 28_1, 28_3, 29_3, 30_3, 30_4, 31_2, 31_3, 32_1, 33_1"
16677,PVDOR,22_7
16770,PVRGO,10_4
16795,PVTO,"16_2, 16_8, 17_1, 19_5, 29_6"
16832,Q/N,19_4
16886,QVAESO,27_2
16887,QVAESTIO,18_2
16905,QVAM/1,"1_1, 3_3, 5_2, 7_3, 8_3, 10_4, 17_2, 19_6, 27_1, 27_1, 29_1"
16906,QVAMDIV/1,"6_1, 11_3"
16914,QVAMQVAM/2,"11_4, 18_3, 22_1, 24_1, 30_1"
16940,QVANTVS/1,"22_4, 26_1"
16947,QVARE/1,"12_2, 32_1"
16972,QVE,"1_2, 4_8, 4_8, 5_1, 7_2, 8_2, 8_4, 9_2, 11_1, 12_2, 14_3, 17_2, 17_2, 18_2, 18_2, 20_1, 20_1, 21_2, 27_2, 30_1, 30_4, 31_1, 31_3, 31_3, 33_1, 33_1, 33_2, 33_2, 33_2"
16982,QVERIMONIA,27_2
16990,QVI/1,"2_5, 5_3, 5_4, 6_1, 6_3, 6_5, 7_1, 7_2, 7_4, 8_2, 8_7, 9_2, 9_2, 9_3, 9_4, 9_4, 9_5, 10_1, 10_1, 10_2, 12_2, 12_2, 12_2, 13_2, 13_6, 13_6, 13_6, 13_6, 13_7, 13_8, 13_8, 13_9, 14_2, 14_3, 14_3, 15_1, 16_2, 16_3, 16_4, 16_4, 16_8, 16_8, 17_2, 17_4, 18_1, 18_3, 18_4, 19_3, 19_5, 19_5, 19_6, 20_1, 20_3, 20_8, 21_2, 21_2, 21_2, 21_3, 21_3, 23_1, 24_1, 24_1, 24_1, 24_1, 24_1, 24_1, 24_2, 24_2, 26_1, 26_1, 26_2, 26_3, 27_1, 27_2, 27_3, 27_5, 27_5, 27_5, 28_2, 28_3, 28_5, 29_3, 30_1, 30_1, 30_1, 30_1, 30_1, 30_2, 30_2, 31_3, 32_1, 33_1, 33_2, 33_2, 33_2"
16992,QVIA,19_4
16998,QVIDAM,"4_2, 8_7, 15_3, 25_2, 27_2, 31_2"
16999,QVIDEM,"16_2, 25_4"
17005,QVIESCO,21_2
17030,QVINQVE,7_3
17063,QVIS/1,"1_1, 1_4, 1_4, 1_4, 1_4, 1_4, 4_6, 6_3, 8_1, 8_5, 9_1, 9_1, 13_1, 13_6, 13_7, 13_8, 13_9, 14_1, 16_2, 16_6, 16_8, 19_2, 20_3, 20_5, 20_8, 22_1, 24_1, 27_4, 28_1, 31_1, 32_1"
17064,QVIS/2,"4_1, 29_1, 29_5"
17067,QVISQVAM,"5_2, 6_1, 26_1"
17068,QVISQVE/2,"2_3, 9_4, 32_1"
17070,QVISQVIS/2,18_3
17074,QVO/2,"1_1, 9_4, 10_2, 25_1, 30_2"
17080,QVOD/1,"3_2, 9_4, 11_1, 12_3, 16_2, 16_8, 16_8, 19_2, 19_2, 19_4"
17081,QVODAMMODO,18_1
17082,QVODSI,"29_6, 30_4"
17091,QVONDAM,"3_3, 4_1"
17092,QVONIAM,12_2
17094,QVOQVE,19_4
17098,QVOT/1,15_3
17101,QVOTIENS/2,"15_3, 15_3, 16_1, 16_1"
17102,QVOTIENSCVMQVE,11_4
17162,RAPIO,"25_1, 27_6"
17183,RATIO,"17_3, 22_7"
17219,RECENS/1,22_4
17240,RECIPIO,19_3
17253,RECOGNOSCO,"6_5, 8_3"
17262,RECONDO,4_6
17272,RECTA,23_1
17321,REDVNDO,29_5
17328,REFERO,"20_2, 20_3, 28_5"
17372,REGIE,30_1
17412,RELEVO/1,"31_2, 31_3, 31_3"
17421,RELINQVO,"9_4, 16_8, 17_1, 21_3"
17425,RELIQVVS,"12_3, 31_3"
17428,REMANEO,7_4
17453,REMOROR/1,4_4
17490,REPELLO,27_1
17500,REPERIO,9_5
17527,REPRIMO,"7_3, 30_3"
17534,REPVDIO,19_5
17551,RES,"2_4, 3_1, 3_2, 3_3, 3_4, 4_1, 4_3, 4_4, 4_8, 5_1, 6_1, 7_2, 7_4, 8_3, 9_1, 9_3, 11_1, 11_2, 11_4, 12_1, 12_3, 12_3, 13_7, 14_3, 18_4, 20_4, 22_2, 22_5, 22_6, 23_1, 25_2, 26_3, 27_1, 27_3, 28_1, 28_3, 29_3, 30_3, 30_4, 31_2, 31_3, 32_1, 33_1"
17570,RESIDEO,"12_3, 31_2"
17595,RESPONDEO,29_3
17598,RESPONSVM,19_4
17693,REVOCO,22_7
17787,ROGO,"9_3, 19_3, 28_2"
17789,ROMA/N,"7_3, 9_4"
17791,ROMANVS/A,"5_1, 9_5, 15_1, 21_2, 28_2, 28_5, 32_2"
17800,ROMVLVS/N,33_2
17870,RVINA,14_3
17950,SACRARIVM,24_1
17964,SACRVM,16_2
17970,SAEPE,"11_2, 23_1, 24_2, 31_3, 32_1"
17993,SAGAX,19_5
18068,SALVS,"8_3, 11_2, 12_2, 14_3, 28_5, 33_1"
18076,SALVTO,"10_1, 16_6"
18093,SANCIO,9_2
18101,SANCTVS,29_3
18113,SANGVIS,29_5
18166,SATELLES,7_1
18172,SATIS/2,2_4
18194,SATVRNINVS/N,"4_4, 29_5"
18267,SCELERATVS,"23_2, 24_1, 27_1"
18273,SCELVS,"8_4, 14_2, 14_2, 15_1, 17_2, 18_3, 22_4, 27_5, 31_1, 33_1, 33_2"
18298,SCIENTIA,1_3
18306,SCIO,"15_1, 24_1, 24_1, 24_1"
18311,SCIPIO/N,3_1
18399,SECEDO/1,32_1
18402,SECERNO,"23_2, 32_1, 32_1"
18446,SED,"4_7, 4_8, 8_2, 11_3, 13_5, 14_3, 15_1, 16_4, 19_6, 21_2, 22_5, 22_6, 23_2, 25_2, 25_4, 27_5, 29_1, 29_5, 31_1"
18456,SEDITIO,4_2
18492,SEIVNGO,22_5
18509,SEMEN/1,30_4
18575,SEMPER,29_6
18586,SENATVS,"1_2, 2_2, 2_3, 3_4, 4_1, 4_3, 4_6, 4_6, 5_1, 7_1, 7_3, 8_7, 16_5, 20_2, 21_1, 21_2"
18612,SENSVS,17_2
18613,SENTENTIA,"9_3, 30_1"
18615,SENTINA,12_3
18617,SENTIO,"1_3, 6_2, 8_1, 8_2, 14_3, 20_3, 26_3, 27_5, 29_3, 32_1"
18675,SEQVOR,17_4
18705,SERMO,23_1
18732,SERVILIVS/N,"3_2, 4_4"
18733,SERVIO,23_2
18739,SERVO,25_3
18740,SERVS,5_2
18743,SERVVS/2,"17_1, 27_5"
18765,SESTIVS/N,21_1
18772,SEVERITAS,"12_2, 29_1"
18779,SEX,7_1
18796,SI/2,"2_4, 5_2, 5_2, 6_3, 6_3, 6_3, 8_6, 10_4, 12_3, 13_5, 16_7, 17_1, 17_2, 17_3, 18_4, 19_1, 19_1, 20_1, 20_2, 20_4, 21_1, 21_1, 22_4, 22_4, 23_1, 23_1, 23_1, 27_3, 27_3, 27_3, 28_5, 29_1, 29_4, 29_5, 30_1, 30_2, 31_2, 31_3"
18804,SIC,"16_4, 18_1, 31_3"
18805,SICA,16_1
18828,SICVT/1,6_2
18871,SILENTIVM,20_6
18873,SILEO,14_2
18913,SIMILIS,"4_3, 5_4"
18935,SIMVLATQVE,16_8
18941,SIN,"12_3, 18_4, 23_2"
18947,SINE,18_2
18960,SINGVLVS,5_1
18967,SINO,10_6
19020,SOCIETAS,33_2
19023,SOCIVS/2,"8_4, 18_2, 33_2"
19032,SODALIS/1,19_5
19049,SOLEO,24_2
19062,SOLITVDO,20_1
19083,SOLVM/2,"18_2, 21_2, 26_2, 26_2, 30_1"
19095,SOMNVS,26_2
19154,SP/N,3_2
19197,SPECVLOR,6_2
19215,SPES,"25_5, 30_1"
19242,SPIRITVS,15_1
19277,SPONTE,13_2
19342,STATOR/N,"11_1, 33_2"
19350,STATVO,9_4
19352,STATVS/1,3_1
19415,STIRPS,30_4
19420,STO,15_1
19489,STVDEO,"3_2, 21_3"
19492,STVDIVM,"21_2, 26_2"
19494,STVLTVS,30_2
19505,STVPRVM,26_2
19514,SVADEO,13_5
19635,SVBSELLIVM,"16_8, 16_8"
19781,SVI/1,"1_1, 7_3, 9_5, 19_6, 20_2, 29_5, 30_4, 30_4, 32_1, 33_1, 33_2"
19796,SVM/1,"1_4, 3_3, 3_3, 4_2, 4_2, 4_3, 4_4, 4_6, 4_8, 5_1, 5_2, 5_2, 5_3, 5_4, 6_1, 6_3, 6_5, 7_1, 7_1, 7_1, 7_2, 7_4, 8_1, 8_1, 8_7, 8_7, 9_1, 9_2, 9_4, 9_4, 9_4, 9_5, 9_5, 10_1, 10_2, 11_1, 11_2, 11_3, 11_4, 12_2, 12_2, 12_2, 13_1, 13_6, 13_6, 13_7, 14_2, 15_1, 15_1, 15_2, 15_3, 16_1, 16_1, 16_2, 16_2, 16_3, 16_4, 16_7, 16_8, 16_8, 17_4, 18_2, 18_3, 18_3, 18_3, 18_4, 19_3, 19_4, 19_4, 19_5, 20_1, 20_2, 20_5, 21_2, 22_5, 22_5, 22_6, 22_7, 24_1, 24_1, 24_1, 24_1, 25_5, 26_2, 26_3, 27_1, 27_3, 27_5, 27_5, 27_5, 28_2, 29_1, 29_1, 29_5, 29_6, 30_1, 30_1, 30_2, 30_2, 31_2, 31_2, 31_3, 32_1, 32_2, 32_2, 33_2"
19810,SVMMVS,"27_6, 28_5, 33_1"
19899,SVPERVS,"1_4, 8_3, 10_1, 11_2, 14_2, 14_3, 18_3, 29_5, 29_5"
19914,SVPPLICIVM,"3_3, 20_1, 27_6, 28_2, 33_2"
19945,SVSCIPIO,27_1
19950,SVSPECTVS/2,17_2
19957,SVSPICIO/1,"4_2, 19_2"
19960,SVSPICOR,19_5
19964,SVSTINEO,23_1
19976,SVVS,"3_2, 17_4, 30_4, 32_1"
20036,TABVLA,4_6
20046,TACEO,"8_5, 20_7, 21_2"
20048,TACITVRNITAS,16_7
20050,TACITVS,"18_1, 20_8"
20077,TAM,"5_4, 5_4, 5_4, 7_2, 7_2, 7_3, 11_1, 11_1, 11_1, 17_2, 28_5, 30_2, 30_2, 30_4"
20079,TAMEN,"2_2, 7_4, 16_1, 18_3, 20_3, 29_6"
20082,TAMETSI,22_4
20085,TAMQVAM/1,4_6
20092,TANDEM,"1_1, 8_3, 16_8, 18_4, 25_1, 28_1"
20110,TANTVS,"4_8, 7_2, 14_2, 16_6, 22_5, 26_1, 27_1, 31_2, 32_2, 32_2, 32_2, 32_2"
20180,TECTVM,"12_1, 29_2, 33_2"
20203,TELVM,"2_4, 15_1, 21_3"
20223,TEMPESTAS,22_4
20226,TEMPLVM,"12_1, 21_1, 33_2"
20235,TEMPVS/1,"2_1, 10_1, 22_4, 22_6, 26_3, 31_1, 31_2"
20243,TENEBRAE,6_3
20251,TENEO,"1_3, 6_5, 28_3"
20265,TENTO,27_1
20311,TERRA,"3_1, 9_2, 9_2, 20_1"
20364,TETER,11_1
20520,TIBERIVS/N,3_1
20553,TIMEO,"17_3, 18_3, 18_4, 28_4"
20558,TIMOR,"1_2, 15_1, 18_4"
20616,TOLLO,31_2
20686,TOT,16_6
20689,TOTIENS,11_1
20693,TOTVS,"12_1, 13_8, 18_3"
20749,TRANSFERO,24_2
20854,TRIBVNAL,32_1
20858,TRIBVNVS,4_4
20994,TRVCIDO,9_3
21016,TV,"1_2, 2_5, 2_5, 2_5, 3_4, 4_6, 5_2, 6_1, 6_1, 6_2, 7_3, 7_4, 7_4, 7_4, 7_4, 8_1, 8_3, 8_4, 8_7, 9_4, 9_4, 9_4, 9_5, 10_1, 10_3, 10_4, 10_5, 11_4, 12_3, 12_3, 12_3, 13_6, 13_6, 13_9, 14_3, 15_1, 15_1, 15_3, 16_1, 16_2, 16_4, 16_4, 16_6, 16_8, 16_8, 17_1, 17_1, 17_1, 17_2, 17_2, 17_3, 17_4, 17_4, 17_4, 18_1, 18_2, 18_2, 18_2, 18_2, 18_2, 18_3, 19_1, 19_2, 19_2, 19_2, 19_3, 19_4, 19_5, 19_5, 20_2, 20_2, 20_3, 21_2, 21_2, 21_2, 21_3, 21_3, 22_2, 22_2, 22_2, 22_2, 22_2, 22_3, 22_6, 22_7, 23_2, 23_2, 24_1, 24_1, 24_1, 24_2, 25_1, 25_2, 25_3, 25_4, 26_1, 26_3, 27_1, 27_1, 27_5, 27_5, 28_1, 28_5, 28_5, 29_2, 32_2, 32_2, 33_1, 33_2"
21036,TVLLIVS/N,27_4
21037,TVLLVS/N,15_1
21039,TVM,"5_4, 7_3, 29_2"
21051,TVMVLTVS,11_4
21091,TVRPITVDO,"13_7, 14_3, 22_7"
21119,TVTVS,19_4
21121,TVVS,"1_1, 1_3, 1_3, 5_4, 6_3, 6_5, 7_1, 7_3, 10_3, 10_4, 11_4, 11_4, 12_3, 13_2, 13_7, 13_8, 14_3, 14_3, 14_3, 15_1, 15_1, 15_3, 16_3, 16_6, 16_8, 17_1, 17_2, 17_3, 18_3, 19_5, 22_4, 22_6, 23_1, 23_2, 24_1, 24_1, 25_1, 26_1, 26_2, 26_3, 28_5, 33_1, 33_2"
21158,VACVEFACIO,"14_2, 16_8"
21175,VAGINA,4_6
21191,VALEO,18_2
21194,VALERIVS/N,4_3
21256,VASTITAS,12_1
21258,VASTO,"3_1, 21_3, 29_2"
21272,VBI/1,"1_4, 9_1, 26_3"
21305,VEHEMENS,"3_4, 29_1, 31_3, 31_3"
21352,VENA,31_2
21391,VENEROR,24_2
21400,VENIO,"2_3, 8_4, 10_1, 10_1, 14_3, 16_5, 19_3, 19_4"
21445,VERE,33_2
21450,VEREOR,"5_2, 17_4, 29_5"
21477,VERO/3,"2_3, 3_1, 4_5, 14_1, 15_3, 16_3, 18_3, 28_5"
21500,VERSO,31_1
21502,VERSOR,10_6
21527,VERVM/4,"4_6, 5_3, 18_2, 26_2, 26_2, 30_1, 30_4"
21530,VERVS,"7_2, 18_4, 25_5"
21556,VESTER,"10_1, 27_2"
21593,VETVS,31_1
21598,VEXATIO,18_2
21602,VEXO,"27_1, 29_2"
21652,VIDELICET,"19_5, 21_2"
21654,VIDEO,"1_3, 2_2, 2_4, 4_1, 4_8, 5_1, 8_2, 8_7, 9_3, 11_4, 14_2, 15_3, 16_4, 17_2, 18_3, 19_6, 21_2, 22_4, 23_2, 26_1, 27_5, 27_5, 30_1, 30_1, 30_2, 31_2, 31_3, 32_2"
21668,VIGIL/2,1_2
21672,VIGILIA,8_1
21674,VIGILO,"8_3, 26_2"
21675,VIGINTI,4_5
21685,VILIS,21_2
21710,VINCVLVM,"19_6, 27_6"
21717,VINDICO,"14_2, 19_5, 32_2"
21743,VIR,"2_4, 3_1, 3_3, 10_1, 19_5, 21_1, 21_2, 26_1, 29_5"
21783,VIRTVS,"3_3, 29_6, 32_2"
21786,VIS,"17_4, 19_1, 21_1"
21791,VISCVS/2,31_2
21799,VITA,"12_1, 13_7, 14_3, 16_3, 20_1, 21_2, 26_2, 27_3, 33_2"
21821,VITIVM,"14_3, 22_6"
21822,VITO,"2_4, 15_3, 17_2, 19_2"
21846,VIVO,"2_2, 2_3, 4_7, 4_7, 6_1, 6_1, 6_1, 9_1, 9_4, 29_4"
21848,VIVVS/2,"31_3, 33_2"
21849,VIX,"21_3, 23_1, 23_1"
21850,VIXDVM,10_1
21862,VLLVS,"17_3, 22_2, 22_2, 22_2"
21898,VMQVAM,"13_8, 22_2, 22_7"
21899,VNA,8_7
21927,VNDIQVE,"6_5, 30_4"
21956,VNIVERSVS,12_1
21958,VNVS,"2_3, 4_4, 11_2, 18_2, 18_3, 29_4, 30_3, 31_2, 32_1, 32_1"
21974,VOCO,12_1
21994,VOLO/3,"11_4, 16_1, 19_2, 23_1"
22010,VOLVNTAS,"20_8, 25_3"
22013,VOLVPTAS,"25_2, 26_1"
22045,VOX,"6_3, 9_3, 16_7, 20_4, 21_2, 22_4, 29_3"
22049,VRBANVS,32_1
22051,VRBS,"1_2, 9_1, 9_2, 9_4, 10_2, 10_4, 11_1, 12_1, 12_3, 13_3, 13_6, 17_1, 20_4, 27_5, 27_5, 28_3, 29_2, 32_1, 33_2, 33_2, 33_2"
22076,VSQVE,"1_1, 21_3"
22083,VSVRA,29_4
22088,VT/4,"3_3, 4_1, 5_3, 6_1, 15_3, 15_3, 16_4, 16_4, 17_1, 17_3, 18_3, 18_4, 19_1, 19_3, 20_3, 21_3, 22_2, 22_2, 22_2, 22_2, 22_6, 22_6, 22_6, 22_7, 23_1, 23_1, 23_2, 24_2, 27_1, 27_1, 27_2, 27_5, 29_6, 31_3, 32_2"
22104,VTILIS,12_2
22106,VTINAM,22_3
22143,VVLNERO,"9_3, 17_2"
22153,VVLTVS,1_2
22156,VXOR,14_2
